main_ServiceProvider,main_Device_Manufacturer,random,random2,IMEI,SubscriberNo,main_Device_Model,main_Device_OS,main_Device_DeviceLanguage,main_QOS_QOSDate,main_QOS_SignalStrength,main_QOS_Location_Latitude,Lat_Dom_Flag,main_QOS_Location_Longitude,Lon_Dom_Flag,main_QOS_DeltaTransmittedBytes,main_QOS_DeltaReceivedBytes,CountryID,main_Country,RegionID,main_Region,CityID,main_City,conn_Generation_Category
AT&T,samsung,,,4788041224,163-617-1406,SAMSUNG-SM-T337A,ANDROID44,en,2017-06-17 04:30:20 UTC,-84,39.11908363,,-90.85834989,,719,788,1,United States,0,Missouri,359,null,4G
AT&T,LGE,,,8904191185,198-625-6675,LG-D950,ANDROID44,en,2017-05-09 22:43:06 UTC,null,33.00338355,,-96.95511063,,5863,20926,1,United States,17,Texas,858,Lewisville,4G
AT&T,Sony,,,5883785969,792-907-6674,F3313,ANDROID60,es,2017-06-29 06:33:04 UTC,-62,33.4765374,,-93.99757,,38712,42684,1,United States,48,Arkansas,362,Texarkana,4G
AT&T,PANTECH,,,3993681993,668-372-4332,IM-100K,ANDROID60,ko,2017-06-27 14:35:30 UTC,null,38.3318598,,-85.6889099,,70387,129647,1,United States,33,Indiana,659,Jeffersonville,3G
AT&T,LGE,,,8184468894,772-311-3540,LG-E980,ANDROID44,en,2017-05-01 00:17:13 UTC,-99,29.85260634,,-97.52473246,,0,0,1,United States,45,Texas,325,null,3G
,,,,,,,,,,,,,,,,,,,,,,,
,,,,,,,,,some blank rows in here,,,,,,,,,,,,,,
,,,,,,,,,,,,,,,,,,,,,,,
AT&T,Sony,,,3441011551,392-855-9803,D6616,ANDROID50,en,2017-07-19 21:30:15 UTC,null,37.3609076,,-122.0972031,,450189,671324,1,United States,42,California,598,Los Altos,3G
AT&T,samsung,,,9544915215,411-199-5901,SAMSUNG-SGH-I747,ANDROID44,es,2017-06-04 20:47:34 UTC,null,41.74578269,,-88.31795035,,10471,161104,1,United States,29,Illinois,259,Aurora,3G
AT&T,LGE,,,4888110098,877-367-2224,LG-F460K,ANDROID50,ko,2017-06-18 13:37:04 UTC,null,38.9463071,,-77.3398007,,414,0,1,United States,22,Virginia,903,Reston,3G
AT&T,samsung,,,6832185209,288-649-2059,SM-G950U1,ANDROID70,en,2017-07-24 02:08:50 UTC,-79,26.1368367,,-80.2560792,,0,0,1,United States,12,Florida,558,Plantation,4G
AT&T,samsung,,,5609171820,29-382-1581,SAMSUNG-SGH-I747,ANDROID44,en,2017-06-19 13:58:22 UTC,null,41.22225587,,-79.3642481,,183,814,1,United States,34,Pennsylvania,408,null,3G
AT&T,samsung,,,5881702760,602-56-5463,SAMSUNG-SGH-I747,ANDROID44,en,2017-07-26 23:47:08 UTC,null,37.54598883,,-121.9804925,,68,108,1,United States,35,California,28,Fremont,3G
,,,,,,,,,,,,,,,,,,,,,,,
,,some more random,content,here,would,break,existing,pipelines,,,,,,,,,,,,,,,
,,,,,,,,,,,,,,,,,,,,,,,
AT&T,samsung,,,9460457853,479-783-5687,SHV-E250L,ANDROID44,ko,2017-06-08 01:39:00 UTC,-95,33.0155762,,-117.0782658,,0,0,1,United States,36,California,105,San Diego,3G
AT&T,samsung,,,8871968247,234-236-3901,SAMSUNG-SM-T337A,ANDROID44,en,2017-06-12 03:42:50 UTC,null,33.9659462,,-84.24715445,,137,181,1,United States,40,Georgia,286,null,4G
AT&T,samsung,,,2357140880,273-576-7560,SAMSUNG-SM-G750A,ANDROID44,en,2017-07-02 22:31:51 UTC,null,33.1111333,,-96.11622852,,580,580,1,United States,11,Texas,227,Greenville,4G
AT&T,samsung,,,5729218107,122-576-2422,SAMSUNG-SM-G870A,ANDROID60,en,2017-06-08 16:52:58 UTC,-63,32.2653033,,-110.8935819,,129626,1413568,1,United States,31,Arizona,357,Tucson,4G
AT&T,Apple,,,2247948368,335-721-3574,"iPhone9,4",IOS103,en,2017-06-20 18:03:40 UTC,null,41.815754,,-88.363298,,561710,10486865,1,United States,20,Illinois,80,North Aurora,4G
AT&T,samsung,,,6999359975,35-17-3163,SAMSUNG-SM-G890A,ANDROID70,en,2017-06-09 20:03:24 UTC,-69,28.5166773,,-81.3762446,,0,0,1,United States,45,Florida,214,Orlando,4G
AT&T,LGE,,,3430943311,68-490-3436,LG-D950,ANDROID44,en,2017-05-11 19:46:37 UTC,-80,35.37578239,,-97.42366164,,906,426,1,United States,25,Oklahoma,891,Oklahoma City,4G
AT&T,motorola,,,1445572499,64-507-5080,Moto G Play,ANDROID60,en,2017-07-11 21:50:07 UTC,null,34.6646456,,-86.4228755,,11214,11332,1,United States,3,Alabama,694,Huntsville,4G
AT&T,samsung,,,9278691844,999-141-367,SAMSUNG-SM-G920A,ANDROID60,en,2017-05-06 17:00:40 UTC,-113,39.1550428,,-84.4278113,,1124088,1784795,1,United States,44,Ohio,291,Cincinnati,4G
AT&T,samsung,,,8730335662,305-909-9265,SAMSUNG-SM-T217A,ANDROID44,en,2017-05-15 13:36:56 UTC,-88,38.70080113,,-76.87549024,,1763,596,1,United States,33,Maryland,216,null,4G
AT&T,samsung,,,1787058541,79-352-1316,SAMSUNG-SGH-I337,ANDROID44,en,2017-06-22 00:53:23 UTC,null,36.55091334,,-95.56022097,,685,214,1,United States,14,Oklahoma,129,null,3G
AT&T,samsung,,,7140315240,982-261-128,SAMSUNG-SM-G870A,ANDROID44,en,2017-05-06 01:58:19 UTC,-73,29.35382016,,-95.359763,,33492,1891771,1,United States,27,Texas,752,null,4G
AT&T,samsung,,,1041237548,675-927-7325,SAMSUNG-SM-G920A,ANDROID70,en,2017-07-22 22:57:00 UTC,null,27.9971372,,-82.6846368,,27908,29805,1,United States,23,Florida,398,Safety Harbor,4G
AT&T,LGE,,,4395042213,374-655-7915,LG-F320K,ANDROID44,ko,2017-06-09 20:53:41 UTC,-107,43.0829999,,-89.4770514,,2699,2990,1,United States,26,Wisconsin,445,Madison,3G
AT&T,samsung,,,4258068528,810-940-2278,SAMSUNG-SM-G870A,ANDROID44,en,2017-05-08 02:39:17 UTC,-74,37.67772012,,-122.0646926,,0,0,1,United States,26,California,98,null,4G
AT&T,samsung,,,5505729165,213-187-3111,SAMSUNG-SM-G890A,ANDROID51,en,2017-07-24 16:29:40 UTC,-51,39.6846896,,-78.1095803,,0,0,1,United States,40,Maryland,860,null,3G
AT&T,samsung,,,2617199635,348-311-4546,SAMSUNG-SM-G870A,ANDROID44,en,2017-07-02 04:18:06 UTC,-58,21.39301144,,-157.977468,,13716,53382,1,United States,12,Hawaii,599,null,4G
AT&T,OnePlus,,,6197505511,953-851-8173,ONEPLUS A3000,ANDROID71,en,2017-07-21 23:50:17 UTC,null,34.9169995,,-86.9082365,,808,835,1,United States,6,Alabama,808,null,3G
AT&T,samsung,,,3677295753,570-239-3442,SHV-E470S,ANDROID50,ko,2017-06-13 18:38:52 UTC,-73,40.7065842,,-74.0127638,,2528,6440,1,United States,23,New York,738,New York,3G
AT&T,samsung,,,5891535989,377-373-2310,SAMSUNG-SGH-I747,ANDROID44,en,2017-07-12 01:01:06 UTC,null,37.4976513,,-91.8510333,,282,474,1,United States,0,Missouri,916,null,3G
AT&T,samsung,,,1549725257,718-33-9289,SAMSUNG-SM-T337A,ANDROID44,en,2017-05-12 15:32:43 UTC,-40,40.74046454,,-73.97603214,,0,0,1,United States,8,New York,583,New York,4G
AT&T,motorola,,,6033555273,940-619-6163,XT1575,ANDROID60,en,2017-07-31 14:59:42 UTC,-103,40.8813106,,-73.0529904,,0,0,1,United States,37,New York,894,Centereach,3G
AT&T,samsung,,,6167235207,865-84-7388,SAMSUNG-SGH-I337,ANDROID44,en,2017-06-19 20:39:02 UTC,null,36.83957819,,-119.6821831,,713602,21426824,1,United States,14,California,95,Clovis,3G
AT&T,LGE,,,8622851876,100-397-8315,LG-H910,ANDROID70,en,2017-07-19 07:35:28 UTC,-78,41.4287568,,-79.7040524,,179051,4014004,1,United States,0,Pennsylvania,271,null,4G
AT&T,samsung,,,2592585559,877-540-6308,SAMSUNG-SGH-I747,ANDROID44,en,2017-06-29 17:31:04 UTC,null,39.75009975,,-84.13689262,,0,0,1,United States,20,Ohio,400,Dayton,4G
AT&T,samsung,,,5640062244,496-834-1485,SM-G925F,ANDROID60,en,2017-06-26 18:27:49 UTC,-51,40.9353299,,-77.0420119,,13447,22107,1,United States,47,Pennsylvania,284,null,3G
AT&T,LGE,,,1924146100,993-660-2351,LG-H820,ANDROID70,en,2017-07-23 02:07:36 UTC,null,36.2511725,,-93.1204194,,112478,31037,1,United States,0,Arkansas,332,null,4G
AT&T,samsung,,,8152837227,208-914-5020,SAMSUNG-SM-J320A,ANDROID60,en,2017-06-14 18:08:40 UTC,null,38.9116466,,-77.1033085,,256,260,1,United States,8,Virginia,307,Arlington,3G
AT&T,samsung,,,5350167232,674-648-4239,SAMSUNG-SGH-I337,ANDROID44,en,2017-06-26 12:09:46 UTC,null,34.59702387,,-90.39968878,,0,0,1,United States,7,Mississippi,669,null,3G
AT&T,motorola,,,8926201760,392-149-9906,Moto Z2 Play,ANDROID71,en,2017-06-06 22:22:11 UTC,-62,42.16348669,,-87.95207765,,0,0,1,United States,11,Illinois,376,null,4G
AT&T,samsung,,,8884334214,975-880-610,SAMSUNG-SGH-I257,ANDROID44,en,2017-06-23 18:23:40 UTC,-58,38.64463724,,-83.7500389,,3807,3194,1,United States,26,Kentucky,817,null,4G
AT&T,samsung,,,3193560437,202-217-327,SAMSUNG-SGH-I747,ANDROID44,en,2017-05-12 20:32:15 UTC,-62,33.04516127,,-116.8633392,,8356,19452,1,United States,46,California,632,null,4G
AT&T,Sony,,,1886176405,866-765-961,F8332,ANDROID70,en,2017-05-28 01:38:03 UTC,-85,33.9355222,,-118.2542612,,520,28496,1,United States,31,California,610,Los Angeles,4G
AT&T,samsung,,,8421901719,169-429-5321,SAMSUNG-SGH-I747,ANDROID43,en,2017-07-01 15:30:35 UTC,-53,21.3168683,,-158.0710699,,2002859,6994634,1,United States,13,Hawaii,404,null,4G
AT&T,samsung,,,4658560860,280-147-1278,SAMSUNG-SM-T217A,ANDROID44,en,2017-06-05 20:56:19 UTC,null,34.30077856,,-92.10409547,,2734,1417,1,United States,40,Arkansas,7,null,3G
AT&T,samsung,,,5280868475,542-3-4607,SAMSUNG-SM-J727A,ANDROID70,en,2017-07-26 05:12:29 UTC,-86,30.8868385,,-84.5612409,,580,580,1,United States,34,Georgia,407,null,4G
AT&T,motorola,,,5616727581,57-960-9551,Nexus 6,ANDROID70,en,2017-07-31 16:41:49 UTC,null,44.207365,,-92.6268385,,202463,242606,1,United States,2,Minnesota,373,null,4G
AT&T,samsung,,,9458861337,360-305-9247,SAMSUNG-SM-J320A,ANDROID60,en,2017-07-22 17:38:34 UTC,-84,30.3660372,,-90.9684464,,719,857,1,United States,29,Louisiana,373,null,4G
AT&T,Apple,,,7864130336,279-750-122,iPhone 6S Plus,IOS103,en,2017-06-21 17:11:37 UTC,null,38.852389,,-77.341676,,1045519,24898020,1,United States,13,Virginia,922,null,UNKNOWN
AT&T,samsung,,,6310426063,113-83-48,SCL24,ANDROID44,en,2017-06-02 00:08:52 UTC,null,33.21258578,,-97.15995062,,0,0,1,United States,49,Texas,174,Denton,4G
AT&T,samsung,,,8875859153,342-854-4313,SAMSUNG-SM-G928A,ANDROID70,en,2017-07-08 17:28:11 UTC,-73,32.9783636,,-96.7677843,,804,941,1,United States,5,Texas,110,null,4G
AT&T,samsung,,,6253908895,696-459-8174,SAMSUNG-SM-G730A,ANDROID44,en,2017-06-06 17:37:58 UTC,null,32.69081262,,-97.11122585,,1270,872,1,United States,36,Texas,231,Arlington,4G
AT&T,LGE,,,5945906827,452-751-9768,LG-D950,ANDROID44,en,2017-05-26 17:27:00 UTC,null,39.05531157,,-95.67654463,,0,0,1,United States,10,Kansas,447,Topeka,4G
AT&T,samsung,,,6301005678,370-550-3373,SAMSUNG-SM-G925A,ANDROID70,en,2017-06-25 16:26:32 UTC,null,33.6831023,,-117.8566297,,580,8097,1,United States,34,California,184,Irvine,4G
AT&T,samsung,,,7871646087,64-595-9219,SAMSUNG-SGH-I747,ANDROID44,en,2017-07-19 00:07:41 UTC,-65,31.73543754,,-95.61531336,,719,804,1,United States,8,Texas,654,Palestine,4G
AT&T,samsung,,,6377777110,435-431-5304,SAMSUNG-SGH-I747,ANDROID44,en,2017-07-08 20:42:00 UTC,-57,35.2063925,,-113.9947213,,2877,22357,1,United States,3,Arizona,860,Kingman,4G
AT&T,samsung,,,4405272557,766-693-2855,SAMSUNG-SM-G870A,ANDROID60,en,2017-07-10 16:54:43 UTC,-109,33.7636998,,-97.1084355,,3068,3599,1,United States,8,Oklahoma,414,null,3G
AT&T,LGE,,,6387885659,186-546-8171,LG-H910,ANDROID70,en,2017-07-12 23:54:53 UTC,null,36.5739109,,-119.6023494,,1286823,27225110,1,United States,17,California,651,Selma,4G
AT&T,LGE,,,7018347993,268-236-5866,LG-K371,ANDROID60,en,2017-05-27 08:16:24 UTC,-62,34.09679,,-118.3378393,,0,0,1,United States,1,California,331,Los Angeles,4G
AT&T,samsung,,,1637705223,387-743-8145,SM-G930U,ANDROID70,en,2017-07-07 13:02:12 UTC,null,38.3196629,,-85.5555809,,105318,1633862,1,United States,19,Kentucky,162,Louisville,4G
AT&T,OnePlus,,,4701318530,277-111-2203,ONEPLUS A3000,ANDROID71,en,2017-07-23 00:20:11 UTC,null,47.6759848,,-122.3700194,,89117,282328,1,United States,26,Washington,158,Seattle,3G
AT&T,LGE,,,9565125988,296-400-5599,LG-H873,ANDROID70,en,2017-06-12 19:43:12 UTC,null,41.9295328,,-78.6814335,,67194,108883,1,United States,48,Pennsylvania,228,null,4G
AT&T,samsung,,,6090870638,16-95-3381,SAMSUNG-SM-G890A,ANDROID70,en,2017-06-17 20:06:56 UTC,-78,41.7510545,,-88.007718,,34534,182281,1,United States,5,Illinois,386,Darien,4G
AT&T,HTC,,,8526158442,321-253-6547,HTC One A9,ANDROID60,en,2017-07-03 15:34:36 UTC,null,29.9530599,,-95.5445639,,1764,6316,1,United States,32,Texas,7,Houston,4G
AT&T,samsung,,,5673175610,277-354-9507,SAMSUNG-SGH-I537,ANDROID50,en,2017-06-22 22:07:13 UTC,null,36.718523,,-108.156398,,8363,18816,1,United States,22,New Mexico,333,Farmington,4G
AT&T,LGE,,,3690880419,274-694-4537,LG-D950,ANDROID44,en,2017-07-31 09:14:36 UTC,null,44.7437667,,-91.38483573,,23231,50377,1,United States,43,Wisconsin,264,null,3G
AT&T,samsung,,,1768775278,150-555-8932,SAMSUNG-SM-G530AZ,ANDROID44,es,2017-06-23 18:04:20 UTC,null,30.13448001,,-97.42841499,,4860,178095,1,United States,24,Texas,501,null,4G
AT&T,samsung,,,4127185051,822-213-3208,SAMSUNG-SM-G920A,ANDROID70,en,2017-07-14 19:25:27 UTC,null,47.7568152,,-122.604388,,1451243,56953249,1,United States,5,Washington,307,null,4G
AT&T,HMD Global,,,5698635547,994-24-422,TA-1025,ANDROID71,en,2017-07-23 22:54:38 UTC,-90,42.0234753,,-83.4050003,,124,72,1,United States,40,Michigan,626,null,4G
AT&T,samsung,,,9319774796,267-43-6396,SAMSUNG-SM-G890A,ANDROID70,en,2017-07-28 02:50:03 UTC,-74,42.8842488,,-78.7632171,,18056,40679,1,United States,30,New York,86,Cheektowaga,4G
AT&T,OnePlus,,,1832301653,435-987-6346,ONEPLUS A3000,ANDROID71,en,2017-07-13 15:57:46 UTC,-82,40.399428,,-79.5870215,,719,804,1,United States,12,Pennsylvania,972,null,4G
AT&T,samsung,,,8902580431,276-495-210,SAMSUNG-SGH-I537,ANDROID44,en,2017-05-16 20:59:08 UTC,null,30.3939752,,-91.0941317,,1022847,12623034,1,United States,25,Louisiana,355,Baton Rouge,4G
AT&T,LGE,,,7376192050,487-64-2918,LG-H950,ANDROID51,ko,2017-06-14 01:11:52 UTC,-66,40.7575091,,-73.792849,,0,0,1,United States,36,New York,463,New York,4G
AT&T,samsung,,,3137262948,931-258-3148,SAMSUNG-SGH-I337,ANDROID44,en,2017-07-03 12:08:20 UTC,-83,34.57406628,,-90.40833301,,0,0,1,United States,29,Mississippi,13,null,4G
AT&T,samsung,,,9245276101,648-477-8601,SAMSUNG-SM-J120A,ANDROID60,en,2017-07-12 18:57:14 UTC,-77,26.6383149,,-81.8698731,,14821,23256,1,United States,40,Florida,533,Fort Myers,4G
AT&T,motorola,,,4103327432,720-144-9927,Nexus 6,ANDROID70,en,2017-07-20 16:31:38 UTC,null,40.2246297,,-76.094161,,11360,91206,1,United States,39,Pennsylvania,278,null,4G
AT&T,samsung,,,9859332586,459-461-7778,SAMSUNG-SM-J320A,ANDROID60,en,2017-07-25 13:15:07 UTC,null,35.1751384,,-92.7283743,,104593,323860,1,United States,46,Arkansas,904,null,4G
AT&T,samsung,,,3749660480,795-994-271,GT-I9505,ANDROID50,fr,2017-07-23 19:23:39 UTC,null,34.9187352,,-116.6450346,,9705,13034,1,United States,3,California,548,null,3G
AT&T,OnePlus,,,9152978854,256-123-2565,ONEPLUS A3000,ANDROID71,en,2017-07-26 18:15:51 UTC,-67,40.6320139,,-75.3546641,,0,0,1,United States,18,Pennsylvania,346,Bethlehem,4G
AT&T,LGE,,,4918783447,280-101-8697,LG-H810,ANDROID60,en,2017-07-20 20:23:29 UTC,-103,40.3737512,,-105.5084347,,2277,1359,1,United States,41,Colorado,988,null,3G
AT&T,samsung,,,8581101090,659-345-1033,SAMSUNG-SGH-I337,ANDROID44,en,2017-06-29 02:33:14 UTC,-81,38.97892301,,-94.56557625,,26566,191597,1,United States,12,Missouri,45,Kansas City,4G
AT&T,LGE,,,7054623212,194-4-4580,LG-D851,ANDROID44,en,2017-07-17 01:47:42 UTC,-69,27.44905318,,-82.52764185,,0,0,1,United States,49,Florida,276,null,4G
AT&T,HTC,,,1491815640,330-307-2295,HTC One_M8,ANDROID60,en,2017-07-16 19:59:28 UTC,null,35.7792919,,-78.6631778,,817,543,1,United States,9,North Carolina,327,Raleigh,4G
AT&T,kyocera,,,5907068519,807-192-3155,KYOCERA-E6560,ANDROID44,en,2017-06-01 04:12:19 UTC,-111,37.05454215,,-96.1070451,,0,0,1,United States,34,Kansas,112,null,3G
AT&T,samsung,,,3477059627,861-222-2045,SAMSUNG-SM-G928A,ANDROID60,en,2017-07-24 22:23:46 UTC,-62,21.3306246,,-157.8448694,,580,632,1,United States,48,Hawaii,491,Honolulu,4G
AT&T,LGE,,,5212545130,754-628-3853,LGMS550,ANDROID70,en,2017-07-22 18:44:07 UTC,null,32.8017533,,-80.7211291,,57152,1033309,1,United States,39,South Carolina,604,null,4G
AT&T,samsung,,,6630816985,318-252-3145,SAMSUNG-SM-J320A,ANDROID60,en,2017-06-09 22:25:37 UTC,null,39.0465581,,-77.2745391,,494,708,1,United States,14,Maryland,213,null,4G
AT&T,LGE,,,6577597799,887-48-4329,LG-H820,ANDROID70,en,2017-07-18 13:26:38 UTC,null,38.554307,,-90.3023227,,0,0,1,United States,47,Missouri,334,null,4G
AT&T,samsung,,,6711940304,72-950-804,SAMSUNG-SM-G925A,ANDROID70,en,2017-05-22 15:57:57 UTC,-79,42.5607346,,-83.1066403,,884,4013,1,United States,26,Michigan,947,Troy,4G
AT&T,samsung,,,8703339428,454-239-6798,SAMSUNG-SGH-I537,ANDROID44,en,2017-05-05 09:29:53 UTC,-74,31.6473133,,-92.1813382,,104,104,1,United States,27,Louisiana,708,null,4G
AT&T,motorola,,,9022282390,893-566-5390,Moto G (5) Plus,ANDROID70,en,2017-07-08 15:53:50 UTC,null,40.4523177,,-86.1288267,,13119,9572,1,United States,17,Indiana,379,Kokomo,4G
AT&T,samsung,,,1970114471,863-718-9334,SAMSUNG-SM-J320A,ANDROID60,en,2017-06-22 21:09:21 UTC,null,38.8978248,,-77.0720472,,0,0,1,United States,32,Virginia,961,Arlington,4G
AT&T,OnePlus,,,7394853244,444-697-5388,A0001,ANDROID60,en,2017-07-21 19:29:51 UTC,null,36.02819359,,-79.92938939,,12536,106311,1,United States,33,North Carolina,925,null,4G
AT&T,samsung,,,3895784650,202-50-1647,SAMSUNG-SGH-I317,ANDROID44,en,2017-07-29 02:49:25 UTC,null,30.39309239,,-86.32605976,,0,0,1,United States,0,Florida,920,null,3G
AT&T,OnePlus,,,7942437216,8-859-9792,ONEPLUS A5000,ANDROID71,en,2017-07-31 23:26:21 UTC,-51,30.0036106,,-95.5552004,,0,0,1,United States,27,Texas,623,null,3G
AT&T,samsung,,,8079715067,195-432-3896,SAMSUNG-SM-G750A,ANDROID51,en,2017-06-23 18:39:32 UTC,-82,38.9032074,,-76.9394707,,0,0,1,United States,47,District of Columbia,584,District of Columbia,4G
AT&T,LGE,,,1213096882,62-395-1543,LG-H900,ANDROID60,en,2017-07-07 23:12:07 UTC,-75,42.5327708,,-85.8434149,,1139993,2226455,1,United States,20,Michigan,463,null,4G
AT&T,samsung,,,7871724037,324-265-2845,SAMSUNG-SM-J327A,ANDROID70,en,2017-07-31 12:40:21 UTC,null,30.2295481,,-81.5130739,,1573,1221,1,United States,43,Florida,152,Jacksonville,4G
AT&T,samsung,,,4941180597,857-689-5194,SAMSUNG-SM-J320A,ANDROID60,en,2017-07-16 18:39:42 UTC,-51,36.6549873,,-93.460978,,0,0,1,United States,44,Missouri,378,null,3G
AT&T,samsung,,,8805707840,254-786-4178,SAMSUNG-SM-G920A,ANDROID70,en,2017-07-14 17:35:16 UTC,-66,35.1455453,,-80.9913701,,967,1091,1,United States,10,North Carolina,729,Charlotte,4G
AT&T,samsung,,,4650300106,970-835-7162,SCH-I545,ANDROID44,es,2017-05-21 15:44:28 UTC,null,34.264901,,-86.1882475,,1801,1639,1,United States,4,Alabama,36,Albertville,3G
AT&T,samsung,,,3519202817,479-219-9907,SM-G935F,ANDROID60,en,2017-07-31 21:48:25 UTC,-51,32.7136283,,-117.162699,,404,1195,1,United States,30,California,983,San Diego,3G
AT&T,motorola,,,6976721690,248-5-8216,XT1058,ANDROID51,en,2017-07-22 21:39:44 UTC,null,44.9902725,,-93.1550817,,1040,2122,1,United States,43,Minnesota,583,Saint Paul,3G
AT&T,samsung,,,2545200854,732-522-5774,SAMSUNG-SM-G870A,ANDROID44,en,2017-07-24 22:02:48 UTC,-87,46.32607921,,-96.00736659,,1374,488,1,United States,28,Minnesota,72,null,4G
AT&T,Apple,,,8314133870,148-212-9021,iPhone 6,IOS103,en,2017-06-29 22:41:08 UTC,null,32.959141,,-117.228149,,3724,83456,1,United States,40,California,674,San Diego,4G
AT&T,motorola,,,9905764027,157-881-2569,Moto G (5) Plus,ANDROID70,en,2017-07-25 15:40:58 UTC,null,38.6743149,,-90.4537656,,0,0,1,United States,9,Missouri,110,null,4G
AT&T,LGE,,,1936315604,748-181-6463,LG-M150,ANDROID60,en,2017-05-28 01:04:01 UTC,null,41.8554,,-87.9529318,,0,0,1,United States,47,Illinois,445,null,4G
AT&T,samsung,,,1370466421,786-840-309,SAMSUNG-SM-T337A,ANDROID51,en,2017-07-31 20:51:15 UTC,null,27.9933627,,-82.8186589,,0,0,1,United States,14,Florida,593,Clearwater,4G
AT&T,LGE,,,3398294582,11-308-1736,LG-H700,ANDROID70,en,2017-07-12 13:06:46 UTC,null,29.5064751,,-95.1196131,,0,0,1,United States,4,Texas,140,League City,4G
AT&T,motorola,,,2849763151,106-215-662,Moto G (4),ANDROID70,en,2017-07-27 16:20:24 UTC,-91,48.3519613,,-122.4239974,,0,0,1,United States,24,Washington,613,null,3G
AT&T,samsung,,,1816297288,475-25-9138,SAMSUNG-SM-N915A,ANDROID60,en,2017-07-16 15:42:37 UTC,null,33.7767176,,-117.8444164,,1474,1357,1,United States,18,California,766,Orange,4G
AT&T,samsung,,,2168832405,270-232-8027,SM-G930W8,ANDROID70,en,2017-07-21 00:09:05 UTC,-73,43.32105399,,-96.79628135,,15959,21281,1,United States,6,South Dakota,251,null,3G
AT&T,samsung,,,9052014463,348-658-3377,SAMSUNG-SM-G750A,ANDROID44,en,2017-07-31 16:18:39 UTC,null,29.71592491,,-95.4772599,,0,0,1,United States,43,Texas,441,Houston,3G
AT&T,samsung,,,7836805387,394-915-4566,SAMSUNG-SM-G890A,ANDROID60,en,2017-07-24 11:10:10 UTC,null,36.2938152,,-94.1158193,,11950,13423,1,United States,34,Arkansas,686,Rogers,4G
AT&T,HTC,,,9185899450,529-425-8028,HTC One_M8,ANDROID60,en,2017-07-27 00:21:46 UTC,-51,46.8221837,,-95.8522277,,0,0,1,United States,11,Minnesota,741,null,4G
AT&T | Telenor DK,samsung,,,3404979222,648-995-7781,SM-G950F,ANDROID70,en,2017-07-21 18:12:41 UTC,-85,47.7862847,,-120.8774829,,0,0,1,United States,29,Washington,459,null,3G
AT&T,OnePlus,,,7050396708,235-935-1976,ONEPLUS A3000,ANDROID71,en,2017-07-24 03:16:25 UTC,null,41.28230973,,-72.88067582,,17248,14923,1,United States,13,Connecticut,851,East Haven,3G
AT&T,samsung,,,4556352184,174-541-7628,SAMSUNG-SM-G870A,ANDROID50,en,2017-07-20 22:47:20 UTC,-81,25.7400193,,-80.3919057,,580,580,1,United States,6,Florida,835,null,4G
AT&T,asus,,,7057974040,908-71-6408,ASUS_Z00TD,ANDROID60,en,2017-07-15 20:43:49 UTC,-67,33.3804949,,-111.9772259,,1235,4742,1,United States,12,Arizona,680,null,4G
AT&T,motorola,,,6969033344,785-482-1739,XT1058,ANDROID51,en,2017-07-29 21:26:07 UTC,-51,43.5290458,,-121.86124,,6184,5156,1,United States,42,Oregon,881,null,3G
AT&T,motorola,,,6316398792,442-118-4665,XT1575,ANDROID60,en,2017-07-19 21:43:49 UTC,null,30.48061938,,-97.60650398,,18569,41347,1,United States,11,Texas,27,Pflugerville,4G
AT&T,samsung,,,6137451436,460-27-5224,SM-G710S,ANDROID44,en,2017-07-17 04:55:29 UTC,-87,40.79256684,,-73.79737007,,17339,214807,1,United States,26,New York,548,New York,3G
AT&T,samsung,,,3065823985,496-277-4336,SAMSUNG-SM-G920A,ANDROID70,en,2017-07-20 16:08:09 UTC,-69,40.9894496,,-74.3072254,,3583,12487,1,United States,21,New Jersey,93,null,4G
AT&T,samsung,,,4796144606,174-665-9449,SAMSUNG-SM-G920A,ANDROID70,en,2017-07-14 22:58:33 UTC,-77,33.5413204,,-112.2151509,,580,580,1,United States,22,Arizona,63,null,4G
AT&T,HTC,,,9908999830,727-46-9485,HTC One_M8,ANDROID60,en,2017-07-24 17:53:57 UTC,-52,35.8725901,,-78.7262842,,877,1132,1,United States,10,North Carolina,182,Raleigh,4G
AT&T,LGE,,,2519685120,256-66-6985,LG-K425,ANDROID70,en,2017-07-17 18:52:29 UTC,null,44.9705368,,-93.233318,,0,0,1,United States,4,Minnesota,31,Minneapolis,4G
AT&T,samsung,,,9919504358,445-112-3960,SAMSUNG-SM-T217A,ANDROID44,en,2017-06-06 00:50:47 UTC,null,35.70286389,,-97.47734059,,46206,2070246,1,United States,15,Oklahoma,24,Edmond,4G
AT&T,LGE,,,7249765148,552-430-8089,LG-H910,ANDROID70,en,2017-07-16 00:48:37 UTC,-67,29.8909348,,-97.9145187,,0,0,1,United States,49,Texas,607,San Marcos,4G
AT&T,samsung,,,5315284950,441-540-5995,SAMSUNG-SM-T337A,ANDROID44,en,2017-07-15 22:55:09 UTC,-72,39.8462618,,-75.38973451,,580,580,1,United States,47,Pennsylvania,330,null,4G
AT&T,samsung,,,9884767398,136-816-8262,SAMSUNG-SM-G890A,ANDROID70,en,2017-05-26 05:07:09 UTC,-65,33.9546692,,-80.3727375,,222,365,1,United States,5,South Carolina,392,Sumter,4G
AT&T,samsung,,,3617153155,430-579-8208,SM-A520W,ANDROID60,en,2017-07-26 18:23:37 UTC,null,43.0756623,,-87.9065385,,2702,2730,1,United States,8,Wisconsin,703,Milwaukee,3G
AT&T,blackberry,,,6155032670,343-184-6752,STV100-1,ANDROID60,en,2017-07-15 02:18:32 UTC,-89,36.0089199,,-78.9388898,,17124,17656,1,United States,0,North Carolina,581,Durham,4G
AT&T,samsung,,,8588514450,133-181-3726,SAMSUNG-SGH-I747,ANDROID44,en,2017-07-10 21:41:24 UTC,-48,41.87757766,,-87.64953554,,719,788,1,United States,39,Illinois,937,Chicago,4G
AT&T,samsung,,,8933506611,845-189-6237,SAMSUNG-SM-G925A,ANDROID70,en,2017-07-14 15:14:25 UTC,-51,32.9897715,,-96.9820125,,293908,2883957,1,United States,4,Texas,454,Lewisville,3G
AT&T,LGE,,,4477802019,582-388-7639,LG-D950,ANDROID44,en,2017-07-25 17:14:23 UTC,-81,34.60153868,,-85.73519075,,3531,12092,1,United States,30,Alabama,173,null,4G
AT&T,HTC,,,3445912896,319-455-9619,HTC U11,ANDROID71,en,2017-07-27 18:51:40 UTC,null,32.9418577,,-96.8329121,,4944885,2177611,1,United States,7,Texas,784,Farmers Branch,3G
AT&T,Apple,,,1549303803,531-901-3581,"iPhone9,4",IOS103,en,2017-07-19 23:30:23 UTC,null,32.840344,,-97.151576,,478424,2453197,1,United States,40,Texas,663,Bedford,UNKNOWN
AT&T,samsung,,,8353128640,799-529-9183,SAMSUNG-SM-G870A,ANDROID60,en,2017-07-09 22:01:20 UTC,-109,39.7342574,,-75.0082225,,2172,5076,1,United States,25,New Jersey,73,null,3G
AT&T,samsung,,,4483514833,825-417-1627,SAMSUNG-SM-J320A,ANDROID60,en,2017-07-23 22:08:41 UTC,-55,41.9628281,,-87.6518509,,0,0,1,United States,12,Illinois,729,Chicago,4G
AT&T,LGE,,,9115196073,367-466-8814,LG-D800,ANDROID50,en,2017-07-25 16:23:15 UTC,-105,32.9260489,,-97.3663428,,653,709,1,United States,40,Texas,480,Fort Worth,3G
AT&T,samsung,,,5906402032,262-773-5199,SM-N930F,ANDROID60,en,2017-07-15 19:17:52 UTC,null,34.7530186,,-89.4566386,,60,40,1,United States,25,Mississippi,476,null,4G
AT&T,samsung,,,4130027166,155-179-1861,SM-N9005,ANDROID50,en,2017-05-30 00:35:29 UTC,-85,34.2722016,,-118.7711314,,10586147,41259758,1,United States,43,California,30,Simi Valley,3G
AT&T,samsung,,,3107908187,78-408-4806,SAMSUNG-SM-G870A,ANDROID60,en,2017-07-31 00:19:09 UTC,null,46.8574833,,-96.768871,,4962,6312,1,United States,3,Minnesota,9,Moorhead,4G
AT&T,samsung,,,3121312850,530-783-453,SM-G955F,ANDROID70,en,2017-07-26 14:29:01 UTC,-83,34.235759,,-85.7854047,,0,0,1,United States,43,Alabama,245,null,4G
AT&T,HTC,,,4859570707,530-802-10,HTC One M9,ANDROID70,en,2017-07-27 12:41:58 UTC,-85,42.9484698,,-83.6541165,,0,0,1,United States,25,Michigan,134,Flint,4G
AT&T,motorola,,,8599233786,493-545-1130,Nexus 6,ANDROID71,en,2017-07-13 14:52:36 UTC,-69,39.9516082,,-75.1622597,,176,176,1,United States,36,Pennsylvania,798,Philadelphia,4G
AT&T,LGE,,,7018423671,344-219-9249,LG-H910,ANDROID70,en,2017-07-29 03:22:10 UTC,null,43.5042579,,-83.4069188,,17329,37041,1,United States,26,Michigan,883,null,4G
AT&T,HUAWEI,,,1523731467,100-847-3207,H1611,ANDROID60,en,2017-07-21 18:24:07 UTC,-78,35.0683784,,-88.3987241,,0,0,1,United States,11,Tennessee,962,null,4G
AT&T,ZTE,,,6671004567,686-435-2164,ZTE B2017G,ANDROID71,en,2017-07-30 13:03:13 UTC,-91,28.4612468,,-98.5533895,,83,0,1,United States,44,Texas,18,null,UNKNOWN
AT&T,LGE,,,1037116801,340-292-805,LG-H900,ANDROID60,en,2017-07-14 10:24:42 UTC,null,35.8226394,,-90.6648442,,2255,5221,1,United States,39,Arkansas,241,Jonesboro,4G
AT&T,LGE,,,3538153621,458-765-89,LG-H910,ANDROID70,en,2017-07-16 19:42:56 UTC,null,29.9439285,,-82.1084606,,3907,938,1,United States,22,Florida,596,null,4G
AT&T,samsung,,,7158483133,536-863-1815,SAMSUNG-SM-G750A,ANDROID44,es,2017-05-21 21:27:15 UTC,null,34.06207573,,-84.60619114,,0,0,1,United States,44,Georgia,137,null,4G
AT&T,samsung,,,8718972179,649-920-5232,SAMSUNG-SGH-I337,ANDROID50,en,2017-07-28 19:15:07 UTC,-76,32.2821313,,-83.467034,,36875,122501,1,United States,11,Georgia,634,null,4G
AT&T,samsung,,,6279879905,145-979-8513,SAMSUNG-SM-G925A,ANDROID70,en,2017-05-29 02:12:57 UTC,-73,32.4354748,,-81.7586595,,32605,44397,1,United States,29,Georgia,245,Statesboro,4G
AT&T,samsung,,,2690920051,527-352-2208,SAMSUNG-SM-G750A,ANDROID44,es,2017-07-25 23:18:04 UTC,null,30.24528338,,-92.02319256,,10101,12285,1,United States,36,Louisiana,396,Lafayette,4G
AT&T,samsung,,,2461855110,79-191-4222,SAMSUNG-SM-G920A,ANDROID70,en,2017-07-22 20:38:44 UTC,null,40.78929,,-74.196117,,13775,73658,1,United States,42,New Jersey,439,Bloomfield,4G
AT&T,samsung,,,1076266212,571-475-6489,SAMSUNG-SM-G925A,ANDROID70,en,2017-07-16 19:01:05 UTC,-83,33.6809737,,-117.6603185,,216,216,1,United States,0,California,234,Lake Forest,4G
AT&T,samsung,,,3350598375,595-658-9413,SM-G906K,ANDROID50,ko,2017-07-11 13:47:10 UTC,null,41.7639358,,-72.6298197,,58185,176188,1,United States,8,Connecticut,584,null,3G
AT&T,samsung,,,3036786311,32-770-8302,SM-G920K,ANDROID70,ko,2017-07-21 16:30:49 UTC,-51,42.7292517,,-84.4942159,,200598,435170,1,United States,23,Michigan,727,East Lansing,3G
AT&T,blackberry,,,7711823657,853-544-9865,STV100-1,ANDROID60,en,2017-05-25 02:12:25 UTC,null,29.5130165,,-98.3712754,,8594,16900,1,United States,1,Texas,332,null,4G
AT&T,motorola,,,3880901831,823-947-8866,Moto G Play,ANDROID60,en,2017-07-29 22:32:13 UTC,null,30.020712,,-90.24495054,,0,0,1,United States,0,Louisiana,630,Kenner,4G
AT&T,Sony,,,3055118227,610-191-9551,E6603,ANDROID71,en,2017-07-28 01:29:58 UTC,null,42.4237865,,-71.2578462,,0,0,1,United States,18,Massachusetts,738,Lexington,4G
AT&T,LGE,,,4486356559,837-850-6850,LG-H910,ANDROID70,en,2017-07-10 16:22:22 UTC,-77,34.0371988,,-84.0980374,,580,652,1,United States,25,Georgia,456,Suwanee,4G
AT&T,OnePlus,,,1246623789,827-419-2765,ONEPLUS A3000,ANDROID71,en,2017-07-14 18:31:24 UTC,-78,33.8168982,,-117.5042344,,477460,1021074,1,United States,22,California,680,Corona,4G
AT&T,samsung,,,9320201319,823-164-8244,SM-G950U1,ANDROID70,en,2017-07-21 16:14:48 UTC,-99,38.6689618,,-121.0623428,,860,435,1,United States,17,California,634,null,3G
AT&T,LGE,,,1594003914,865-890-3170,LG-H871,ANDROID70,en,2017-07-15 16:29:21 UTC,-85,31.4668313,,-100.4328954,,9755,13953,1,United States,49,Texas,207,San Angelo,4G
AT&T,LGE,,,6616708542,677-332-3582,LG-D800,ANDROID50,en,2017-07-31 16:24:58 UTC,-76,46.8640351,,-92.2899608,,18185,16378,1,United States,5,Minnesota,676,null,4G
AT&T,LGE,,,9729021701,786-528-7666,LG-H910,ANDROID70,en,2017-07-29 04:38:28 UTC,-87,27.1583894,,-80.2340482,,0,0,1,United States,13,Florida,57,null,4G
AT&T,samsung,,,3224884825,679-597-1941,SAMSUNG-SM-G870A,ANDROID50,en,2017-07-16 18:56:06 UTC,null,28.4266808,,-81.3997302,,1911,0,1,United States,46,Florida,384,null,4G
AT&T,HTC,,,3381062164,429-19-5222,HTC One_M8,ANDROID50,en,2017-07-19 09:14:41 UTC,-82,33.7381427,,-87.0820729,,580,580,1,United States,16,Alabama,587,null,4G
AT&T,samsung,,,2751166953,285-928-2140,SAMSUNG-SM-G928A,ANDROID70,en,2017-05-27 17:45:00 UTC,-84,27.7937643,,-82.645348,,0,0,1,United States,42,Florida,284,Saint Petersburg,4G
AT&T,samsung,,,9123115392,675-831-2393,SAMSUNG-SM-J320A,ANDROID60,en,2017-07-13 19:46:59 UTC,-51,41.6721267,,-83.5601552,,16566,15875,1,United States,31,Ohio,831,Toledo,3G
AT&T,motorola,,,2768746942,824-658-3238,XT1097,ANDROID51,en,2017-07-30 23:36:59 UTC,null,42.0664204,,-88.2347373,,27720,62437,1,United States,8,Illinois,550,Hoffman Estates,4G
AT&T,samsung,,,8510807113,378-376-6769,SAMSUNG-SM-G730A,ANDROID44,en,2017-07-20 18:50:18 UTC,null,27.9933173,,-82.8188798,,16298,67617,1,United States,15,Florida,834,Clearwater,4G
AT&T,samsung,,,7758368890,294-781-4320,SAMSUNG-SM-J120A,ANDROID60,en,2017-07-25 21:29:16 UTC,null,43.0208739,,-74.9969392,,7769,12685,1,United States,11,New York,704,null,4G
AT&T,motorola,,,3149538162,216-743-9153,Moto G (4),ANDROID70,en,2017-07-25 16:03:20 UTC,null,39.9574146,,-75.1638067,,519628,1845248,1,United States,8,Pennsylvania,962,Philadelphia,3G
AT&T,OnePlus,,,9199414482,460-156-1158,ONEPLUS A3000,ANDROID71,en,2017-07-18 12:56:12 UTC,null,38.177567,,-85.1804979,,5491,6697,1,United States,45,Kentucky,971,null,4G
AT&T,samsung,,,4980654553,352-282-1299,SM-G955U1,ANDROID70,en,2017-07-12 16:08:02 UTC,-68,34.050998,,-118.2482196,,2970,2970,1,United States,3,California,937,Los Angeles,4G
AT&T,samsung,,,7312564342,529-566-1249,SAMSUNG-SM-G928A,ANDROID70,en,2017-07-30 18:29:04 UTC,null,40.6369763,,-73.7174099,,0,0,1,United States,46,New York,461,Woodmere,3G
AT&T,samsung,,,4415434327,477-453-3092,SAMSUNG-SM-T337A,ANDROID44,en,2017-07-28 04:46:13 UTC,null,27.55986936,,-99.4876849,,16397,2100,1,United States,23,Texas,965,Laredo,3G
AT&T,samsung,,,9152765201,738-902-4757,SAMSUNG-SGH-I747,ANDROID44,en,2017-05-23 19:53:56 UTC,-61,39.1732484,,-89.35585809,,0,0,1,United States,17,Illinois,293,null,3G
AT&T,OnePlus,,,6899098157,391-148-4516,ONEPLUS A3000,ANDROID71,en,2017-07-25 23:10:13 UTC,null,33.91006631,,-81.17942213,,719,804,1,United States,16,South Carolina,490,null,4G
AT&T,samsung,,,2917427365,54-371-8279,SAMSUNG-SM-G925A,ANDROID60,en,2017-05-29 22:46:58 UTC,-92,42.5475616,,-70.9922476,,1348,1510,1,United States,2,Massachusetts,150,Peabody,4G
AT&T,motorola,,,4106653019,460-646-7153,XT1575,ANDROID60,en,2017-07-28 03:55:10 UTC,-75,42.7310547,,-73.9390304,,580,580,1,United States,16,New York,432,null,4G
AT&T,samsung,,,4796903146,515-790-2504,SAMSUNG-SM-G928A,ANDROID70,en,2017-07-31 11:53:30 UTC,null,29.5305015,,-98.48385,,2400,1500,1,United States,44,Texas,378,San Antonio,4G
AT&T,LGE,,,4536606668,235-371-4690,LG-H910,ANDROID70,en,2017-07-29 23:46:56 UTC,null,35.1929146,,-92.2031482,,1562,832,1,United States,6,Arkansas,304,null,3G
AT&T,motorola,,,2374967478,46-703-5044,XT1058,ANDROID51,en,2017-07-19 15:37:44 UTC,null,38.5823369,,-90.6217646,,2456,4655,1,United States,3,Missouri,877,Wildwood,4G
AT&T,samsung,,,4094783389,198-56-9899,SAMSUNG-SM-G925A,ANDROID70,en,2017-07-23 05:39:52 UTC,null,41.8497931,,-87.9385377,,6449,24615,1,United States,43,Illinois,274,null,4G
AT&T,samsung,,,9707073846,669-53-7823,SAMSUNG-SGH-I317,ANDROID44,en,2017-07-26 23:14:11 UTC,null,32.62051211,,-96.82314083,,7499,12486,1,United States,45,Texas,615,DeSoto,4G
AT&T,kyocera,,,6498907634,209-421-4335,KYOCERA-E6560,ANDROID44,en,2017-07-21 15:17:30 UTC,null,37.04671632,,-96.11528218,,0,0,1,United States,14,Kansas,785,null,4G
AT&T,samsung,,,3770684113,612-290-3651,SAMSUNG-SM-G920A,ANDROID70,en,2017-07-21 08:12:22 UTC,null,36.3319475,,-121.2319631,,4355,6070,1,United States,25,California,819,Greenfield,4G
AT&T,LGE,,,7953233404,257-543-7018,LG-H820,ANDROID70,en,2017-07-17 19:10:59 UTC,null,43.0736536,,-78.933498,,580,580,1,United States,22,New York,510,null,3G
AT&T,samsung,,,6566978820,507-65-3696,SAMSUNG-SM-J320A,ANDROID60,en,2017-05-29 17:18:09 UTC,-80,35.1289658,,-89.7618278,,0,52,1,United States,2,Tennessee,9,Memphis,4G
AT&T,LGE,,,8613283605,409-854-7333,LG-H700,ANDROID70,en,2017-07-14 12:13:43 UTC,-70,29.5064423,,-95.1195826,,0,0,1,United States,21,Texas,279,League City,4G
AT&T,samsung,,,7240209120,173-839-7289,SAMSUNG-SM-J327A,ANDROID70,en,2017-07-18 00:23:37 UTC,null,30.4101561,,-86.6022305,,0,0,1,United States,42,Florida,767,Fort Walton Beach,4G
AT&T,Apple,,,2038389178,739-621-3820,iPhone 6S,IOS103,en,2017-07-20 03:50:50 UTC,null,42.214518,,-70.977072,,199860,341690,1,United States,5,Massachusetts,33,Braintree,4G
AT&T,samsung,,,7929243094,151-559-8373,SAMSUNG-SGH-I257,ANDROID44,en,2017-05-27 14:44:17 UTC,null,41.65296347,,-88.20765108,,118,52,1,United States,37,Illinois,629,Plainfield,3G
AT&T,samsung,,,5998945907,647-550-7892,SAMSUNG-SM-G870A,ANDROID60,en,2017-07-31 18:07:09 UTC,null,38.6367224,,-90.2633338,,2732,3139,1,United States,14,Missouri,733,St. Louis,4G
AT&T,samsung,,,3797531906,125-576-38,SAMSUNG-SM-G750A,ANDROID44,es,2017-05-24 01:54:04 UTC,null,33.56920405,,-84.28074079,,1837,660,1,United States,10,Georgia,919,null,4G
AT&T,samsung,,,5599115246,885-822-1922,SAMSUNG-SGH-I257,ANDROID44,en,2017-05-24 12:10:02 UTC,-68,27.90287417,,-82.51950186,,7821,3896,1,United States,14,Florida,375,Tampa,4G
AT&T,ZTE,,,1568795633,380-617-2551,Z981,ANDROID60,en,2017-07-19 12:28:54 UTC,null,32.5107817,,-94.8197423,,43353,46167,1,United States,30,Texas,158,Longview,UNKNOWN
AT&T,Google,,,4734991657,179-717-8257,Pixel,ANDROID71,en,2017-07-15 16:36:18 UTC,-60,34.3194231,,-84.0670576,,181613,232663,1,United States,29,Georgia,182,null,4G
AT&T,LGE,,,9248450583,746-7-8591,LG-V410,ANDROID44,en,2017-07-02 16:31:20 UTC,-67,34.05702756,,-86.11761227,,580,580,1,United States,21,Alabama,416,null,4G
AT&T,LGE,,,6038810986,104-584-7078,LG-V410,ANDROID44,en,2017-06-27 13:06:00 UTC,null,30.71629246,,-101.2028994,,124,52,1,United States,46,Texas,445,null,3G
AT&T,LGE,,,9602613868,528-52-844,LG-V410,ANDROID44,en,2017-05-18 00:36:11 UTC,-79,35.14843355,,-101.860184,,2252,11231,1,United States,4,Texas,387,Amarillo,4G
AT&T,LGE,,,4936039049,717-439-4498,LG-V410,ANDROID44,en,2017-07-26 14:53:16 UTC,-101,37.17028201,,-104.5092824,,843,468,1,United States,47,Colorado,761,null,3G
AT&T,LGE,,,7336658075,960-46-7594,LG-V410,ANDROID44,en,2017-05-30 20:31:13 UTC,-77,37.35720886,,-81.11244411,,0,0,1,United States,14,West Virginia,569,null,4G
AT&T,LGE,,,8864958297,383-782-151,LG-V410,ANDROID44,en,2017-07-16 22:45:57 UTC,null,33.85793728,,-86.83056128,,580,580,1,United States,42,Alabama,730,null,4G
AT&T,LGE,,,5653283293,813-858-440,LG-V410,ANDROID44,en,2017-07-09 19:29:24 UTC,-72,42.50842296,,-89.01511065,,3119,7911,1,United States,19,Wisconsin,507,Beloit,4G
AT&T,LGE,,,8093843758,602-620-6682,Nexus 5X,ANDROID71,en,2017-07-28 14:09:46 UTC,-60,29.6411291,,-95.57893101,,0,0,1,United States,24,Texas,41,Stafford,4G
AT&T,Huawei,,,2059585451,418-352-7214,Nexus 6P,ANDROID71,en,2017-07-13 17:06:47 UTC,-72,37.5087803,,-121.9645129,,1222,5943,1,United States,14,California,729,Fremont,4G
AT&T,Google,,,7893875165,524-338-6756,Pixel XL,ANDROID71,en,2017-07-05 20:26:21 UTC,null,38.9178541,,-77.2201149,,0,0,1,United States,24,Virginia,499,Tysons Corner,4G
AT&T,Google,,,4697010125,660-348-8621,Pixel XL,ANDROID71,en,2017-07-04 20:39:09 UTC,null,40.9746199,,-73.7071599,,3546,0,1,United States,48,New York,958,Harrison,4G
AT&T,Google,,,3883317583,362-783-9310,Pixel XL,ANDROID71,en,2017-05-30 14:18:19 UTC,-62,39.6089385,,-76.0138334,,0,0,1,United States,20,Maryland,441,null,4G
AT&T,samsung,,,5408566024,153-571-3238,SGH-M919,ANDROID44,en,2017-05-26 19:06:25 UTC,null,39.9485252,,-75.7712154,,6482,20172,1,United States,7,Pennsylvania,710,null,4G
AT&T,samsung,,,1143834991,103-252-308,SGH-M919,ANDROID44,es,2017-07-09 18:28:43 UTC,-79,34.05578135,,-77.90319351,,424892,568013,1,United States,35,North Carolina,865,null,4G
AT&T,samsung,,,1013734675,561-666-7669,SM-G386T,ANDROID44,en,2017-05-29 15:51:03 UTC,null,30.61562142,,-98.41292914,,2302,52,1,United States,44,Texas,184,null,4G
AT&T,samsung,,,9136508036,616-648-7969,SM-G900T,ANDROID44,en,2017-07-17 20:28:57 UTC,null,40.91561466,,-85.57361487,,933653,5072445,1,United States,9,Indiana,396,null,3G
AT&T,samsung,,,1058497068,926-680-9971,SM-G900T,ANDROID44,en,2017-07-13 15:55:31 UTC,-113,32.27321277,,-97.17946309,,11920,116002,1,United States,35,Texas,707,null,3G
AT&T,samsung,,,1271505112,216-435-2183,SM-G900V,ANDROID44,en,2017-05-12 21:00:50 UTC,-91,45.48730011,,-122.7865677,,0,0,1,United States,32,Oregon,555,Beaverton,3G
AT&T,samsung,,,3800571645,337-435-2440,SM-G900V,ANDROID44,en,2017-05-28 17:48:39 UTC,null,41.65321598,,-93.77501418,,30106,325419,1,United States,29,Iowa,933,null,3G
AT&T,samsung,,,3418787820,441-672-2671,SM-G900V,ANDROID60,en,2017-07-23 12:38:22 UTC,null,29.6169116,,-82.3883771,,135,135,1,United States,22,Florida,209,null,3G
AT&T,samsung,,,2217358708,611-871-7567,SM-G900V,ANDROID44,en,2017-05-30 14:14:01 UTC,null,39.14264524,,-84.58088883,,264,338,1,United States,10,Ohio,408,Cincinnati,3G
AT&T,samsung,,,5436024236,579-726-1176,SM-G900V,ANDROID60,en,2017-07-25 13:00:00 UTC,-101,29.6170929,,-82.3883983,,0,0,1,United States,34,Florida,587,null,3G
AT&T,samsung,,,7985403727,318-586-3812,SM-G930T,ANDROID70,en,2017-07-08 16:09:49 UTC,null,26.8131147,,-80.1395437,,128,208,1,United States,25,Florida,267,Palm Beach Gardens,4G
AT&T,samsung,,,2526280904,876-18-4445,SM-G935T,ANDROID70,en,2017-07-29 00:23:22 UTC,-75,33.8968336,,-84.2218548,,25017,162130,1,United States,41,Georgia,181,null,4G
AT&T,samsung,,,4175004680,854-246-8647,SM-G950U,ANDROID70,en,2017-05-14 22:12:12 UTC,null,29.733318,,-95.6329391,,26546,82197,1,United States,1,Texas,804,Houston,4G
AT&T,samsung,,,7316035715,166-834-5152,SM-G950U,ANDROID70,en,2017-06-20 13:19:00 UTC,null,35.1459514,,-79.0367841,,12976,15020,1,United States,47,North Carolina,422,Fort Bragg,4G
AT&T,samsung,,,1941986302,723-865-8434,SM-G950U,ANDROID70,en,2017-07-19 14:22:21 UTC,null,33.6129202,,-112.4195539,,135979,2625617,1,United States,28,Arizona,828,Surprise,4G
AT&T,samsung,,,7130540866,813-503-6567,SM-G950U,ANDROID70,en,2017-07-31 07:56:25 UTC,null,32.9068014,,-97.0675551,,12566,15790,1,United States,49,Texas,107,Grapevine,4G
AT&T,samsung,,,2230031082,720-996-6560,SM-G950U,ANDROID70,en,2017-07-29 17:49:30 UTC,-64,38.2923918,,-77.5176914,,1277208,11273391,1,United States,1,Virginia,494,null,4G
AT&T,samsung,,,6684544053,804-626-3984,SM-G950U,ANDROID70,en,2017-07-22 22:45:53 UTC,-99,40.6707496,,-74.5032975,,0,0,1,United States,15,New Jersey,865,null,3G
AT&T,samsung,,,4055032367,788-998-7266,SM-G950U,ANDROID70,en,2017-07-26 14:03:14 UTC,-72,28.6253211,,-81.3459085,,580,580,1,United States,1,Florida,438,null,4G
AT&T,samsung,,,3298779702,789-173-6842,SM-G955U,ANDROID70,en,2017-06-11 15:34:57 UTC,-55,37.7949888,,-122.4234423,,0,0,1,United States,28,California,689,San Francisco,4G
AT&T,samsung,,,2177107855,358-599-2594,SM-G955U,ANDROID70,es,2017-06-08 04:49:02 UTC,-81,18.3970684,,-66.0734213,,661,731,1,United States,16,Puerto Rico,415,San Juan,4G
AT&T,samsung,,,5412706703,965-95-8375,SM-G955U,ANDROID70,en,2017-07-12 11:08:09 UTC,null,32.780318,,-97.5549931,,2487,3322,1,United States,2,Texas,836,null,4G
AT&T,samsung,,,5579647459,294-932-994,SM-G955U,ANDROID70,en,2017-07-09 17:57:27 UTC,null,33.9719548,,-118.3971524,,72,0,1,United States,0,California,671,Los Angeles,4G
AT&T,samsung,,,6803835519,730-90-7528,SM-G955U,ANDROID70,en,2017-07-23 01:30:45 UTC,null,33.5258717,,-117.1649626,,36790,633392,1,United States,8,California,387,Temecula,3G
AT&T,samsung,,,3805989025,57-164-7753,SM-G955U,ANDROID70,en,2017-07-22 20:29:37 UTC,-80,40.4184639,,-86.9062235,,580,580,1,United States,36,Indiana,52,West Lafayette,4G
AT&T,samsung,,,4166863190,26-865-1944,SM-G955U,ANDROID70,en,2017-07-14 16:41:34 UTC,null,61.185192,,-149.8740215,,6160,21554,1,United States,20,Alaska,752,Anchorage,3G
AT&T,samsung,,,6578183959,540-745-2901,SM-G955U,ANDROID70,en,2017-07-24 11:09:07 UTC,null,47.4049765,,-122.2915531,,0,0,1,United States,46,Washington,409,SeaTac,4G
AT&T,samsung,,,4888908808,286-697-2955,SM-G955U,ANDROID70,en,2017-06-02 12:04:21 UTC,null,36.9917634,,-76.3982616,,10144,28882,1,United States,48,Virginia,109,Newport News,4G
AT&T,samsung,,,3816726368,169-868-4255,SM-G955U,ANDROID70,en,2017-07-21 20:17:48 UTC,null,43.2143641,,-76.3584827,,4690,13507,1,United States,8,New York,308,null,4G
AT&T,samsung,,,5111585395,778-908-2662,SM-G955U,ANDROID70,en,2017-07-26 21:11:19 UTC,-76,34.1655322,,-97.1357694,,0,0,1,United States,18,Oklahoma,576,Ardmore,4G
AT&T,samsung,,,7512332762,151-832-370,SM-G955U,ANDROID70,en,2017-07-12 15:07:57 UTC,-103,34.7813244,,-86.5332815,,57908,133045,1,United States,21,Alabama,338,Huntsville,3G
AT&T,samsung,,,2394516376,715-578-294,SM-G955U,ANDROID70,en,2017-07-09 17:09:15 UTC,-76,31.0868705,,-90.4890565,,1475,2471,1,United States,45,Mississippi,893,null,4G
AT&T,samsung,,,2971810070,456-401-666,SM-G955U,ANDROID70,en,2017-07-13 12:21:43 UTC,-81,42.3156312,,-71.2240818,,1734,2016,1,United States,32,Massachusetts,132,Newton,4G
AT&T,samsung,,,9105826879,325-786-8920,SM-G955U,ANDROID70,en,2017-07-30 15:39:13 UTC,-67,30.4337941,,-90.1014138,,651,667,1,United States,27,Louisiana,275,null,4G
AT&T,samsung,,,7092099982,375-83-8723,SM-G955U,ANDROID70,en,2017-07-16 21:43:19 UTC,-99,41.3922618,,-81.6736624,,2793,35322,1,United States,26,Ohio,639,null,3G
AT&T,samsung,,,4552833538,150-425-3265,SM-G955U,ANDROID70,en,2017-07-24 19:22:54 UTC,null,35.4120514,,-97.4908651,,2176,2122,1,United States,20,Oklahoma,86,Oklahoma City,4G
AT&T,samsung,,,6699885281,255-937-5581,SM-G955U,ANDROID70,en,2017-07-20 01:35:08 UTC,-59,46.1111061,,-93.632099,,722,863,1,United States,1,Minnesota,922,null,4G
AT&T,samsung,,,7762293191,473-535-2843,SM-G955U,ANDROID70,en,2017-07-24 13:38:42 UTC,null,47.5875077,,-122.3567397,,0,0,1,United States,2,Washington,361,Seattle,4G
AT&T,samsung,,,2566480844,554-694-9245,SM-G955U,ANDROID70,en,2017-07-17 23:44:26 UTC,null,32.9364776,,-96.440164,,1716,2291,1,United States,18,Texas,788,Rockwall,4G
AT&T,samsung,,,8476213993,996-118-3827,SM-G955U,ANDROID70,en,2017-07-21 23:51:30 UTC,-61,41.4180874,,-82.7553766,,456509,791638,1,United States,12,Ohio,395,null,4G
AT&T,samsung,,,2353193967,694-199-3656,SM-G955U,ANDROID70,en,2017-07-09 22:10:31 UTC,-70,34.8802309,,-92.1079591,,130,250,1,United States,30,Arkansas,372,Jacksonville,4G
AT&T,samsung,,,3401184960,916-377-9966,SM-G955U,ANDROID70,en,2017-07-31 10:14:10 UTC,null,42.6182933,,-88.6916292,,3654,5594,1,United States,10,Wisconsin,311,null,4G
AT&T,samsung,,,7743212648,509-692-6117,SM-G955U,ANDROID70,en,2017-07-30 04:17:45 UTC,null,41.1480863,,-104.7860633,,14256,12000,1,United States,42,Wyoming,257,Cheyenne,4G
AT&T,samsung,,,1605704182,936-519-2919,SM-G955U,ANDROID70,en,2017-07-29 00:54:04 UTC,-92,47.6664322,,-117.1517043,,0,0,1,United States,21,Washington,184,Spokane Valley,4G
AT&T,samsung,,,8065036805,190-6-2725,SM-G955U,ANDROID70,en,2017-07-28 16:18:27 UTC,-72,40.2795432,,-86.4911357,,6182,3580,1,United States,11,Indiana,659,Frankfort,4G
AT&T,samsung,,,7858475210,121-185-2487,SM-G955U,ANDROID70,en,2017-07-13 08:58:02 UTC,-88,40.0640366,,-74.0982675,,104,0,1,United States,38,New Jersey,930,null,4G
AT&T,samsung,,,5061749880,538-256-3098,SM-N900T,ANDROID44,en,2017-05-09 19:30:28 UTC,null,36.8869296,,-104.4510867,,160,0,1,United States,48,New Mexico,324,null,4G
AT&T,samsung,,,6859643903,282-851-6367,SM-N900T,ANDROID44,en,2017-05-13 19:44:18 UTC,null,41.6545451,,-80.1733249,,6494,22109,1,United States,41,Pennsylvania,293,null,UNKNOWN
AT&T,samsung,,,4187509967,922-409-4759,SM-N900T,ANDROID44,en,2017-06-15 00:33:18 UTC,-101,19.6854323,,-156.0199263,,0,0,1,United States,44,Hawaii,785,null,3G
AT&T,samsung,,,8973616848,448-926-3911,SM-N900T,ANDROID44,en,2017-05-16 17:17:57 UTC,null,36.88671845,,-104.4514688,,1375,894,1,United States,18,New Mexico,709,null,4G
AT&T,samsung,,,4449812321,546-181-6433,SM-N900T,ANDROID44,en,2017-05-31 14:33:34 UTC,null,41.7241009,,-80.1471759,,0,0,1,United States,5,Pennsylvania,178,null,3G
AT&T,samsung,,,1691610104,651-764-6944,SM-N900V,ANDROID44,es,2017-05-28 18:33:01 UTC,-91,32.2152001,,-107.7649041,,0,0,1,United States,0,New Mexico,795,null,3G
AT&T,samsung,,,1394639570,407-142-557,SM-N910T,ANDROID44,en,2017-06-18 22:07:03 UTC,-89,35.52640875,,-93.52490956,,1165,744,1,United States,1,Arkansas,797,null,3G
AT&T,samsung,,,1545909638,831-158-7449,SM-N910T,ANDROID44,en,2017-06-19 19:45:35 UTC,-101,36.16644951,,-86.80680437,,0,0,1,United States,39,Tennessee,605,null,3G
AT&T,samsung,,,1333473858,971-34-6081,SM-N920P,ANDROID60,en,2017-07-16 16:06:30 UTC,null,39.9148943,,-75.0867911,,3092,1515,1,United States,24,New Jersey,865,null,3G
AT&T,samsung,,,5424436667,954-250-9920,SAMSUNG-SM-G891A,ANDROID70,en,2017-07-23 03:39:36 UTC,-83,35.3590925,,-89.8924603,,139148,671408,1,United States,10,Tennessee,685,null,4G
AT&T,samsung,,,9498849605,921-161-5557,SAMSUNG-SM-G891A,ANDROID70,en,2017-05-17 04:02:56 UTC,-73,28.0785279,,-81.9778964,,9150,143640,1,United States,42,Florida,506,Lakeland,4G
AT&T,samsung,,,9505743462,583-734-2618,SAMSUNG-SM-G891A,ANDROID70,en,2017-06-10 15:19:31 UTC,null,42.3893723,,-88.1794321,,168,216,1,United States,19,Illinois,219,null,4G
AT&T,samsung,,,9474471871,759-451-3071,SAMSUNG-SM-G891A,ANDROID70,en,2017-07-22 04:01:20 UTC,-84,33.9145772,,-84.8530465,,28474,50967,1,United States,17,Georgia,354,null,4G
AT&T,samsung,,,9183890238,195-100-57,SAMSUNG-SM-G891A,ANDROID70,en,2017-07-17 17:00:18 UTC,-82,40.51029728,,-104.9913964,,580,580,1,United States,29,Colorado,222,null,4G
AT&T,samsung,,,3559325410,957-321-982,SAMSUNG-SM-G891A,ANDROID70,en,2017-05-30 16:24:02 UTC,-58,28.3374003,,-81.5172968,,0,0,1,United States,27,Florida,104,null,4G
AT&T,samsung,,,4797617592,725-215-9427,SAMSUNG-SM-G891A,ANDROID70,en,2017-07-12 19:52:02 UTC,null,35.605675,,-97.5972884,,23631,37431,1,United States,48,Oklahoma,64,Oklahoma City,4G
AT&T,samsung,,,7692918795,235-149-8137,SAMSUNG-SM-G891A,ANDROID70,en,2017-07-31 16:51:29 UTC,-84,37.4059106,,-94.7059302,,0,0,1,United States,17,Kansas,339,Pittsburg,4G
AT&T,samsung,,,6267256136,276-295-8582,SAMSUNG-SM-G891A,ANDROID70,en,2017-07-27 12:22:11 UTC,-77,42.0484768,,-88.0622395,,0,0,1,United States,29,Illinois,295,Schaumburg,4G
AT&T,samsung,,,6359302606,379-166-1976,SAMSUNG-SM-G891A,ANDROID70,en,2017-07-18 16:04:48 UTC,null,32.8945923,,-97.0598251,,0,0,1,United States,29,Texas,437,Grapevine,4G
AT&T,samsung,,,7097314102,221-327-4657,SAMSUNG-SM-G900A,ANDROID44,en,2017-05-09 23:42:00 UTC,null,35.42272675,,-96.29275487,,201681,8888834,1,United States,21,Oklahoma,77,null,4G
AT&T,samsung,,,9482793744,320-463-5656,SAMSUNG-SM-G900A,ANDROID44,en,2017-05-10 01:24:01 UTC,-63,41.24556216,,-86.05051872,,364,0,1,United States,27,Indiana,68,null,3G
AT&T,samsung,,,5020021969,193-211-8683,SAMSUNG-SM-G900A,ANDROID60,en,2017-07-29 04:47:24 UTC,null,36.0206711,,-115.119491,,14155,21317,1,United States,24,Nevada,532,Paradise,4G
AT&T,samsung,,,2167594486,553-230-3833,SAMSUNG-SM-G900A,ANDROID60,en,2017-05-05 16:30:17 UTC,null,33.8083919,,-82.2748468,,628,557,1,United States,17,South Carolina,74,null,3G
AT&T,samsung,,,8201858142,545-722-5394,SAMSUNG-SM-G900A,ANDROID44,en,2017-05-08 12:45:16 UTC,null,29.70412169,,-95.42815579,,5963,16316,1,United States,38,Texas,61,Houston,4G
AT&T,samsung,,,8342435495,277-159-5246,SAMSUNG-SM-G900A,ANDROID44,en,2017-06-28 00:29:14 UTC,-99,34.18458808,,-92.02461402,,10689,36738,1,United States,30,Arkansas,506,Pine Bluff,3G
AT&T,samsung,,,6482461618,156-275-2961,SAMSUNG-SM-G900A,ANDROID60,en,2017-06-10 16:44:35 UTC,-49,18.3954751,,-66.10312,,661,76,1,United States,7,Puerto Rico,32,San Juan,4G
AT&T,samsung,,,1448451725,501-215-5602,SAMSUNG-SM-G900A,ANDROID44,en,2017-07-03 19:33:53 UTC,null,42.57624677,,-114.2197404,,256,260,1,United States,46,Idaho,675,null,4G
AT&T,samsung,,,4168714688,988-213-282,SAMSUNG-SM-G900A,ANDROID60,en,2017-07-17 14:47:02 UTC,-70,36.1154209,,-97.8985808,,0,0,1,United States,33,Oklahoma,727,null,4G
AT&T,samsung,,,8899006115,200-763-5341,SAMSUNG-SM-G900A,ANDROID44,en,2017-06-21 18:47:57 UTC,-52,35.18097243,,-84.91192764,,3193,5748,1,United States,3,Tennessee,296,null,4G
AT&T,samsung,,,6682775482,794-126-1580,SAMSUNG-SM-G900A,ANDROID44,en,2017-06-03 12:13:18 UTC,-75,37.14572088,,-86.65377627,,10520,416156,1,United States,2,Kentucky,257,null,4G
AT&T,samsung,,,8202337707,548-803-8043,SAMSUNG-SM-G900A,ANDROID44,en,2017-06-10 22:55:47 UTC,null,33.33591588,,-80.53702897,,2602,1287,1,United States,16,South Carolina,409,null,4G
AT&T,samsung,,,1606099348,699-331-5770,SAMSUNG-SM-G900A,ANDROID60,en,2017-07-12 04:25:48 UTC,null,48.9435172,,-122.6772725,,46808,25278,1,United States,41,Washington,235,null,4G
AT&T,samsung,,,8431554588,191-787-3321,SAMSUNG-SM-G900A,ANDROID60,en,2017-07-28 15:05:48 UTC,-120,42.0595786,,-87.7148714,,0,0,1,United States,31,Illinois,892,Evanston,4G
AT&T,samsung,,,1603726159,698-19-7404,SAMSUNG-SM-G900A,ANDROID60,en,2017-07-08 08:01:55 UTC,-80,39.8482287,,-94.8449847,,580,580,1,United States,48,Missouri,807,null,4G
AT&T,samsung,,,5005459109,761-61-7462,SAMSUNG-SM-G900A,ANDROID60,en,2017-07-25 19:45:11 UTC,null,45.6972015,,-122.6542814,,5017,2014,1,United States,13,Washington,677,Salmon Creek,3G
AT&T,samsung,,,2955961163,576-101-3060,SAMSUNG-SM-G900A,ANDROID60,en,2017-07-26 22:56:43 UTC,-72,34.0525416,,-118.2798985,,76,0,1,United States,20,California,276,Los Angeles,4G
AT&T,samsung,,,6453320021,177-832-2323,SAMSUNG-SM-G900A,ANDROID60,en,2017-07-25 18:43:24 UTC,-58,29.5151415,,-98.6953149,,0,0,1,United States,10,Texas,978,San Antonio,4G
AT&T,samsung,,,8741126717,59-381-2394,SAMSUNG-SM-G900A,ANDROID60,en,2017-07-25 00:58:34 UTC,null,41.665024,,-87.6176743,,187833,616124,1,United States,11,Illinois,514,Chicago,4G
AT&T,samsung,,,8671240681,926-740-1591,SAMSUNG-SM-G900A,ANDROID44,en,2017-05-20 01:30:54 UTC,-76,31.84027496,,-81.59550948,,0,0,1,United States,0,Georgia,137,Hinesville,4G
AT&T,samsung,,,4895955485,167-58-6544,SAMSUNG-SM-G900A,ANDROID44,en,2017-05-26 02:35:34 UTC,-85,33.54148911,,-85.68613778,,125990,2295948,1,United States,44,Alabama,158,null,4G
AT&T,samsung,,,1232742670,665-77-7460,SAMSUNG-SM-G900A,ANDROID60,en,2017-07-14 14:25:24 UTC,null,40.5558379,,-74.4784433,,1628,10746,1,United States,35,New Jersey,331,null,4G
AT&T,samsung,,,3666001935,18-267-7547,SAMSUNG-SM-G930A,ANDROID70,en,2017-07-14 20:27:23 UTC,-62,35.2121471,,-106.6980456,,8442,176453,1,United States,30,New Mexico,920,Albuquerque,4G
AT&T,samsung,,,5295136335,399-300-1032,SAMSUNG-SM-G930A,ANDROID70,en,2017-07-08 07:04:01 UTC,-85,35.9908224,,-83.9153658,,200544,33898,1,United States,42,Tennessee,470,Knoxville,4G
AT&T,samsung,,,3645612025,593-164-832,SAMSUNG-SM-G930A,ANDROID70,en,2017-07-28 14:19:30 UTC,null,32.919527,,-97.017084,,25488,10512,1,United States,23,Texas,6,Irving,4G
AT&T,samsung,,,4323605469,47-528-6652,SAMSUNG-SM-G930A,ANDROID70,en,2017-05-17 20:19:40 UTC,null,32.7718609,,-96.4145577,,77856,130569,1,United States,16,Texas,300,null,4G
AT&T,samsung,,,1378807341,657-73-7217,SAMSUNG-SM-G930A,ANDROID70,en,2017-05-27 19:10:59 UTC,-55,40.9407815,,-74.0713589,,0,0,1,United States,14,New Jersey,737,Paramus,4G
AT&T,samsung,,,2753716273,733-342-3804,SAMSUNG-SM-G930A,ANDROID70,en,2017-06-11 20:44:37 UTC,-73,43.034098,,-89.4451952,,0,0,1,United States,22,Wisconsin,407,Madison,4G
AT&T,samsung,,,3385501732,967-897-6167,SAMSUNG-SM-G930A,ANDROID70,en,2017-07-17 00:36:46 UTC,null,39.7496595,,-121.7937987,,9033,17849,1,United States,18,California,432,Chico,4G
AT&T,samsung,,,5558080444,833-181-7971,SAMSUNG-SM-G930A,ANDROID70,en,2017-07-24 17:11:03 UTC,-76,30.4458433,,-90.1561047,,1618559,48910147,1,United States,24,Louisiana,948,null,4G
AT&T,samsung,,,8334723526,845-372-2365,SAMSUNG-SM-G930A,ANDROID70,en,2017-07-27 22:47:28 UTC,-79,40.3187525,,-79.5306614,,233028,2848933,1,United States,2,Pennsylvania,87,null,4G
AT&T,samsung,,,4717903985,728-791-5492,SAMSUNG-SM-G930A,ANDROID70,en,2017-07-21 14:03:07 UTC,-87,39.20419429,,-119.7828903,,580,580,1,United States,36,Nevada,226,Carson City,4G
AT&T,samsung,,,9410793622,49-591-9262,SAMSUNG-SM-G930A,ANDROID70,en,2017-07-07 16:19:40 UTC,-89,32.7990273,,-85.6886295,,1573,2050,1,United States,12,Alabama,472,null,4G
AT&T,samsung,,,2601480452,261-650-3381,SAMSUNG-SM-G930A,ANDROID70,en,2017-07-27 14:58:05 UTC,-79,39.2706325,,-76.6371197,,9804,18048,1,United States,17,Maryland,819,Baltimore,4G
AT&T,samsung,,,4076573816,785-342-6857,SAMSUNG-SM-G930A,ANDROID70,en,2017-07-24 14:27:29 UTC,null,30.0394238,,-89.9695212,,13373,57490,1,United States,39,Louisiana,428,New Orleans,4G
AT&T,samsung,,,6714916956,938-663-844,SAMSUNG-SM-G930A,ANDROID70,en,2017-07-23 16:08:02 UTC,-73,38.7850875,,-90.5274705,,57085,5068375,1,United States,34,Missouri,98,Saint Charles,4G
AT&T,samsung,,,7701019055,914-520-3050,SAMSUNG-SM-G930A,ANDROID70,en,2017-07-20 02:46:36 UTC,null,41.7310524,,-84.9822415,,0,0,1,United States,36,Indiana,735,null,4G
AT&T,samsung,,,2210367076,910-744-6407,SAMSUNG-SM-G930A,ANDROID70,en,2017-07-22 05:59:59 UTC,null,32.9412173,,-85.9778281,,0,0,1,United States,40,Alabama,28,Alexander City,4G
AT&T,samsung,,,8159485157,811-635-948,SAMSUNG-SM-G930A,ANDROID60,en,2017-06-11 05:15:14 UTC,-87,37.98025555,,-121.4724738,,580,580,1,United States,5,California,285,null,4G
AT&T,samsung,,,9137338060,532-690-9890,SAMSUNG-SM-G930A,ANDROID70,en,2017-07-27 15:32:31 UTC,null,35.12478448,,-92.50873233,,3229,12708,1,United States,48,Arkansas,482,null,4G
AT&T,samsung,,,3796969983,205-214-2659,SAMSUNG-SM-G930A,ANDROID70,en,2017-07-24 20:53:31 UTC,null,34.6247945,,-92.9177515,,21762,426612,1,United States,30,Arkansas,181,null,3G
AT&T,samsung,,,5617255038,625-78-4845,SAMSUNG-SM-G930A,ANDROID70,en,2017-07-24 21:35:35 UTC,null,27.4776959,,-82.6363268,,48485,82119,1,United States,1,Florida,884,null,4G
AT&T,samsung,,,8414964678,333-526-6142,SAMSUNG-SM-G930A,ANDROID70,en,2017-05-29 01:26:29 UTC,null,33.6688656,,-112.15793,,2797,11962,1,United States,11,Arizona,730,Phoenix,4G
AT&T,samsung,,,2165703132,489-117-1,SAMSUNG-SM-G930A,ANDROID70,en,2017-07-15 19:06:03 UTC,-103,42.5526664,,-71.5722098,,358,0,1,United States,6,Massachusetts,507,null,3G
AT&T,samsung,,,2220304888,919-162-8014,SAMSUNG-SM-G935A,ANDROID70,en,2017-07-30 18:03:46 UTC,-70,38.5253041,,-90.3949154,,0,0,1,United States,20,Missouri,736,null,4G
AT&T,samsung,,,7000522147,480-159-7399,SAMSUNG-SM-G935A,ANDROID70,en,2017-07-29 01:02:44 UTC,-76,35.6768989,,-97.353069,,0,0,1,United States,9,Oklahoma,205,Edmond,4G
AT&T,samsung,,,3213906552,900-112-1284,SAMSUNG-SM-G935A,ANDROID70,en,2017-07-20 22:35:17 UTC,-62,28.9571158,,-98.4878762,,62469,75344,1,United States,42,Texas,448,null,4G
AT&T,samsung,,,6940818589,840-368-4253,SAMSUNG-SM-G935A,ANDROID70,en,2017-07-21 20:31:28 UTC,-43,37.7956909,,-122.2674893,,0,0,1,United States,35,California,182,Oakland,4G
AT&T,samsung,,,4923133045,811-970-5820,SAMSUNG-SM-G935A,ANDROID70,en,2017-07-18 00:53:02 UTC,null,35.0503471,,-106.6219911,,0,0,1,United States,33,New Mexico,862,Albuquerque,4G
AT&T,samsung,,,2577048129,810-143-1540,SAMSUNG-SM-G935A,ANDROID70,en,2017-07-21 18:52:24 UTC,null,32.9044217,,-97.0426188,,18706,39616,1,United States,15,Texas,670,Grapevine,4G
AT&T,samsung,,,9408140650,185-363-6977,SAMSUNG-SM-G935A,ANDROID70,en,2017-07-31 00:20:23 UTC,null,27.8961957,,-82.64278,,36731,79298,1,United States,18,Florida,256,Saint Petersburg,4G
AT&T,samsung,,,6193192874,189-779-5582,SAMSUNG-SM-G935A,ANDROID70,en,2017-07-13 15:24:57 UTC,-71,40.8375631,,-74.0620605,,2337,2013,1,United States,3,New Jersey,164,null,4G
AT&T,samsung,,,1962828084,784-310-7218,SAMSUNG-SM-G935A,ANDROID70,en,2017-07-29 22:50:13 UTC,-72,34.1242799,,-117.6418341,,1991,1120,1,United States,32,California,360,Upland,4G
AT&T,samsung,,,6294718009,351-885-7920,SAMSUNG-SM-G935A,ANDROID70,en,2017-07-12 22:32:55 UTC,null,37.229367,,-80.4145583,,17045,30711,1,United States,47,Virginia,481,Blacksburg,4G
AT&T,samsung,,,7459176636,233-712-5604,SAMSUNG-SM-G935A,ANDROID70,en,2017-07-02 20:17:49 UTC,-89,37.7100089,,-87.8112169,,5955,1211,1,United States,18,Kentucky,300,null,4G
AT&T,samsung,,,6930036445,204-414-9009,SAMSUNG-SM-G935A,ANDROID70,en,2017-06-24 21:47:30 UTC,-36,26.6162014,,-81.7995577,,10982,9737,1,United States,0,Florida,855,Fort Myers,4G
AT&T,samsung,,,1869869170,446-955-9163,SAMSUNG-SM-G935A,ANDROID70,en,2017-07-14 17:33:22 UTC,null,42.5664399,,-71.1921137,,884787,961625,1,United States,16,Massachusetts,217,Tewksbury,4G
AT&T,samsung,,,2874124777,439-833-9438,SAMSUNG-SM-G935A,ANDROID70,en,2017-07-31 19:18:02 UTC,null,39.3706476,,-78.0416827,,11120,6932,1,United States,11,West Virginia,311,null,4G
AT&T,samsung,,,4818401631,901-642-7696,SAMSUNG-SM-G935A,ANDROID70,en,2017-07-23 16:34:43 UTC,-70,28.5629435,,-81.1906371,,0,0,1,United States,45,Florida,928,null,4G
AT&T,samsung,,,9517586103,775-416-7130,SAMSUNG-SM-G935A,ANDROID60,en,2017-07-30 14:25:29 UTC,null,39.1854158,,-77.6763394,,0,0,1,United States,23,Virginia,496,null,4G
AT&T,samsung,,,5025287097,98-568-3880,SAMSUNG-SM-G935A,ANDROID70,en,2017-07-20 17:43:23 UTC,-68,37.8241916,,-122.0029353,,608,2004,1,United States,2,California,525,Danville,4G
AT&T,samsung,,,2584141082,895-517-270,SAMSUNG-SM-G935A,ANDROID60,en,2017-07-29 05:25:08 UTC,null,30.4411205,,-84.2689175,,1893,5510,1,United States,37,Florida,975,Tallahassee,4G
AT&T,samsung,,,6197250733,137-397-4216,SAMSUNG-SM-G935A,ANDROID70,en,2017-07-15 16:11:26 UTC,null,32.3923804,,-93.7520554,,1324,4894,1,United States,23,Louisiana,943,null,4G
AT&T,samsung,,,9441220057,769-281-2891,SAMSUNG-SM-G935A,ANDROID70,en,2017-07-16 12:11:44 UTC,-76,32.1073792,,-93.9419645,,580,580,1,United States,6,Louisiana,285,null,4G
AT&T,samsung,,,6963333117,317-287-6993,SAMSUNG-SM-G935A,ANDROID70,en,2017-07-28 01:08:18 UTC,-72,32.9058012,,-96.458502,,116337,1948008,1,United States,47,Texas,885,Rockwall,4G
AT&T,samsung,,,8021692192,602-502-3803,SAMSUNG-SM-G935A,ANDROID60,en,2017-05-25 02:03:49 UTC,-81,42.9629557,,-85.6398339,,0,0,1,United States,32,Michigan,371,Grand Rapids,4G
AT&T,samsung,,,3983865593,782-459-8651,SAMSUNG-SM-G935A,ANDROID70,en,2017-07-29 11:17:30 UTC,-76,29.5982902,,-98.4158522,,18340,87526,1,United States,42,Texas,111,San Antonio,4G
AT&T,samsung,,,4484296828,367-898-5283,SAMSUNG-SM-G935A,ANDROID70,en,2017-07-15 00:48:54 UTC,null,39.1225779,,-74.7768723,,35417,93590,1,United States,32,New Jersey,541,null,3G
AT&T,samsung,,,9651090368,936-936-9012,SAMSUNG-SM-G935A,ANDROID70,en,2017-07-20 17:32:18 UTC,null,33.0322772,,-96.7057556,,25805,18771,1,United States,0,Texas,834,null,3G
AT&T,samsung,,,1253448159,788-351-8824,SAMSUNG-SM-G935A,ANDROID70,en,2017-07-29 17:19:16 UTC,null,39.9965915,,-82.9919267,,580,580,1,United States,48,Ohio,315,Columbus,4G
AT&T,samsung,,,2502729797,654-817-7020,SAMSUNG-SM-G935A,ANDROID70,en,2017-07-17 11:20:08 UTC,-86,30.0996178,,-81.7500095,,2738,15945,1,United States,23,Florida,391,null,4G
AT&T,samsung,,,3016844630,388-941-9933,SAMSUNG-SM-G935A,ANDROID70,en,2017-07-12 02:49:42 UTC,null,33.6552727,,-111.9339466,,33805,477034,1,United States,47,Arizona,646,Phoenix,4G
AT&T,samsung,,,9251602546,420-500-2660,SAMSUNG-SM-G935A,ANDROID70,en,2017-07-31 23:13:01 UTC,-77,41.7748692,,-88.0923659,,6190,16373,1,United States,2,Illinois,8,null,4G
AT&T,samsung,,,4774636864,179-649-7930,SAMSUNG-SM-G935A,ANDROID70,en,2017-05-27 19:31:53 UTC,-74,39.6254016,,-75.9502335,,150,365,1,United States,10,Maryland,361,null,4G
AT&T,samsung,,,7630883640,232-523-5210,SAMSUNG-SM-G935A,ANDROID70,en,2017-07-28 01:48:42 UTC,null,33.81741044,,-118.2872408,,0,0,1,United States,28,California,94,Carson,4G
AT&T,samsung,,,1394170666,261-605-8856,SAMSUNG-SM-G935A,ANDROID70,en,2017-06-01 00:28:46 UTC,-59,29.72763565,,-95.55826367,,2442,4862,1,United States,38,Texas,789,Houston,4G
AT&T,samsung,,,3719001947,782-572-6283,SAMSUNG-SM-G935A,ANDROID70,en,2017-05-30 19:42:39 UTC,null,47.6142166,,-122.3148421,,9179,23924,1,United States,8,Washington,393,Seattle,3G
AT&T,samsung,,,6219717990,644-972-2825,SAMSUNG-SM-N900A,ANDROID44,en,2017-05-11 15:51:49 UTC,-81,43.190106,,-77.5828299,,1056,1056,1,United States,32,New York,36,null,4G
AT&T,samsung,,,1870829188,538-208-7892,SAMSUNG-SM-N900A,ANDROID44,en,2017-05-02 21:20:45 UTC,-97,35.33582472,,-81.32158358,,0,0,1,United States,26,North Carolina,375,null,3G
AT&T,samsung,,,8721627526,346-249-3928,SAMSUNG-SM-N900A,ANDROID50,ko,2017-07-16 20:05:28 UTC,-62,47.6292475,,-117.6039402,,50586,124089,1,United States,11,Washington,407,null,4G
AT&T,samsung,,,3671556629,700-559-4438,SAMSUNG-SM-N900A,ANDROID50,ko,2017-06-10 02:44:43 UTC,-51,36.1270125,,-115.2244969,,18903,17616,1,United States,33,Nevada,842,Spring Valley,4G
AT&T,samsung,,,8052759814,789-59-1811,SAMSUNG-SM-N900A,ANDROID50,en,2017-07-21 22:10:31 UTC,null,37.6907166,,-121.0626488,,42145,70465,1,United States,12,California,252,Modesto,4G
AT&T,samsung,,,4567141494,762-14-2510,SAMSUNG-SM-N900A,ANDROID44,en,2017-07-28 03:00:18 UTC,null,35.0340108,,-90.0857374,,68505,153849,1,United States,40,Tennessee,613,Memphis,4G
AT&T,samsung,,,5761216229,564-202-1220,SAMSUNG-SM-N900A,ANDROID44,en,2017-05-29 19:09:57 UTC,-83,27.44968485,,-82.52736268,,3318,6756,1,United States,32,Florida,369,null,3G
AT&T,samsung,,,4049770271,479-684-2109,SAMSUNG-SM-N900A,ANDROID44,en,2017-07-13 22:01:49 UTC,null,38.89645224,,-77.09800093,,15186,34609,1,United States,41,Virginia,614,Arlington,4G
AT&T,samsung,,,8930652958,109-163-2550,SAMSUNG-SM-N900A,ANDROID44,en,2017-07-11 14:33:13 UTC,null,30.64758,,-93.8930073,,433633,1178930,1,United States,23,Texas,958,null,3G
AT&T,samsung,,,8029557909,691-283-254,SAMSUNG-SM-N900A,ANDROID44,en,2017-05-30 07:21:31 UTC,-105,37.67462516,,-122.4759213,,82504,174827,1,United States,28,California,725,Daly City,3G
AT&T,samsung,,,3869884281,960-658-5013,SAMSUNG-SM-N910A,ANDROID60,en,2017-07-18 18:25:02 UTC,null,37.0763843,,-121.592303,,118228,782824,1,United States,9,California,154,null,3G
AT&T,samsung,,,4882417148,-447-513,SAMSUNG-SM-N910A,ANDROID60,en,2017-07-20 06:05:17 UTC,-79,40.6714451,,-111.9517608,,580,580,1,United States,15,Utah,11,Taylorsville,4G
AT&T,samsung,,,1778296295,504-543-6971,SAMSUNG-SM-N910A,ANDROID60,en,2017-06-03 00:12:58 UTC,-69,28.2401956,,-81.4936277,,454959,2278095,1,United States,40,Florida,616,null,4G
AT&T,samsung,,,9258357503,154-688-6530,SAMSUNG-SM-N910A,ANDROID60,en,2017-07-23 19:26:01 UTC,null,45.010585,,-123.0006245,,142,142,1,United States,16,Oregon,799,Keizer,3G
AT&T,samsung,,,8469891064,761-326-1037,SAMSUNG-SM-N910A,ANDROID60,en,2017-07-12 16:01:12 UTC,null,34.0567137,,-118.4489842,,20451,359197,1,United States,44,California,901,null,4G
AT&T,samsung,,,1458756713,941-300-580,SAMSUNG-SM-N910A,ANDROID60,es,2017-07-10 11:40:16 UTC,null,18.4451685,,-66.1511817,,61029,19028,1,United States,16,Puerto Rico,40,CataÃ±o,3G
AT&T,samsung,,,3500481925,605-149-9201,SAMSUNG-SM-N910A,ANDROID60,en,2017-07-21 04:00:19 UTC,null,42.4029826,,-71.0535238,,371,1899,1,United States,5,Massachusetts,465,Everett,4G
AT&T,samsung,,,1911049376,699-987-1388,SAMSUNG-SM-N910A,ANDROID60,en,2017-05-26 16:02:06 UTC,-73,30.4851538,,-90.0928471,,0,0,1,United States,28,Louisiana,18,null,3G
AT&T,samsung,,,7196286718,807-706-4990,SAMSUNG-SM-N910A,ANDROID60,en,2017-07-21 11:32:36 UTC,null,38.5076825,,-82.6805964,,2279,1166,1,United States,3,Kentucky,76,null,4G
AT&T,samsung,,,8684864984,74-354-6607,SAMSUNG-SM-N910A,ANDROID60,en,2017-07-29 20:40:39 UTC,null,26.339211,,-80.1714662,,1535,5493,1,United States,45,Florida,306,null,4G
AT&T,samsung,,,8426530284,610-836-1891,SAMSUNG-SM-N910A,ANDROID60,en,2017-07-22 21:13:18 UTC,null,32.7235315,,-117.0636977,,3928,5379,1,United States,2,California,891,San Diego,4G
AT&T,samsung,,,5670213102,238-648-9726,SAMSUNG-SM-N910A,ANDROID60,en,2017-07-24 19:05:12 UTC,null,34.8645306,,-118.176528,,336,436,1,United States,33,California,50,null,4G
AT&T,samsung,,,3547781148,362-812-699,SAMSUNG-SM-N910A,ANDROID60,en,2017-05-25 04:00:59 UTC,-57,37.7840053,,-122.4044283,,28880,8793,1,United States,13,California,55,San Francisco,4G
AT&T,samsung,,,5294388923,176-851-7770,SAMSUNG-SM-N910A,ANDROID60,en,2017-07-23 18:40:08 UTC,-95,37.8403378,,-80.4662047,,1519,1797,1,United States,22,West Virginia,471,null,3G
AT&T,samsung,,,4563934644,786-736-5221,SAMSUNG-SM-N910A,ANDROID60,en,2017-05-28 14:25:06 UTC,null,28.2661536,,-80.6898615,,24313,54635,1,United States,8,Florida,247,null,4G
AT&T,samsung,,,4651943047,60-437-240,SAMSUNG-SM-N910A,ANDROID60,en,2017-05-26 03:58:01 UTC,null,37.6464507,,-122.4066591,,0,0,1,United States,34,California,698,South San Francisco,4G
AT&T,samsung,,,7590211333,415-224-9999,SAMSUNG-SM-N920A,ANDROID60,en,2017-07-07 14:33:57 UTC,-66,41.6167157,,-86.7155035,,0,0,1,United States,26,Indiana,541,La Porte,4G
AT&T,samsung,,,9447720494,509-373-1091,SAMSUNG-SM-N920A,ANDROID70,en,2017-06-28 18:41:18 UTC,-82,37.3200372,,-121.9138985,,0,0,1,United States,42,California,527,San JosÃ©,4G
AT&T,samsung,,,8322179950,865-704-3839,SAMSUNG-SM-N920A,ANDROID70,en,2017-07-27 23:55:39 UTC,null,28.9551318,,-81.3068341,,25367,115605,1,United States,37,Florida,262,null,4G
AT&T,samsung,,,4544404821,407-984-7241,SAMSUNG-SM-N920A,ANDROID70,en,2017-07-24 19:03:16 UTC,-68,41.5070738,,-81.6851675,,580,580,1,United States,17,Ohio,514,Cleveland,4G
AT&T,samsung,,,6221286772,408-564-9147,SAMSUNG-SM-N920A,ANDROID70,en,2017-07-31 14:29:33 UTC,null,33.1261933,,-95.7468812,,3048,3010,1,United States,27,Texas,34,null,4G
AT&T,samsung,,,9936107060,77-807-4797,SAMSUNG-SM-N920A,ANDROID70,en,2017-07-27 23:54:36 UTC,-73,33.5202618,,-112.011308,,580,580,1,United States,45,Arizona,516,null,4G
AT&T,samsung,,,7246858307,903-933-3430,SAMSUNG-SM-N920A,ANDROID70,en,2017-07-13 15:22:28 UTC,null,40.7853167,,-73.7294321,,280780,6115255,1,United States,2,New York,77,null,4G
AT&T,samsung,,,1050939454,342-771-1572,SAMSUNG-SM-N920A,ANDROID70,en,2017-06-14 13:49:15 UTC,-75,40.8504341,,-74.0120752,,135514,49414,1,United States,42,New Jersey,378,null,4G
AT&T,samsung,,,9583640635,504-955-9468,SAMSUNG-SM-N920A,ANDROID70,en,2017-07-13 21:31:10 UTC,null,36.285543,,-95.3099735,,0,0,1,United States,5,Oklahoma,979,null,4G
AT&T,samsung,,,7979307066,269-635-5037,SAMSUNG-SM-N920A,ANDROID70,en,2017-07-17 11:01:44 UTC,null,38.7800823,,-77.6752281,,68298,144155,1,United States,24,Virginia,726,null,3G
AT&T,samsung,,,2112193315,867-196-98,SAMSUNG-SM-N920A,ANDROID70,en,2017-07-22 06:09:47 UTC,null,35.7734847,,-86.8641893,,52,135,1,United States,32,Tennessee,276,Spring Hill,4G
AT&T,samsung,,,3268584821,130-997-2450,SAMSUNG-SM-N920A,ANDROID70,en,2017-07-28 14:24:03 UTC,null,40.862971,,-78.26014,,115793,395574,1,United States,23,Pennsylvania,166,null,4G
AT&T,samsung,,,5502609909,721-740-2796,SAMSUNG-SM-N920A,ANDROID60,en,2017-07-31 14:40:45 UTC,-77,42.0089256,,-83.332732,,1154796,2231492,1,United States,20,Michigan,838,null,4G
AT&T,samsung,,,6743171075,328-470-9964,SAMSUNG-SM-N920A,ANDROID70,en,2017-07-24 16:06:45 UTC,null,29.0679876,,-95.4508458,,2405,6140,1,United States,11,Texas,391,Lake Jackson,4G
AT&T,samsung,,,5193302510,480-956-7242,SAMSUNG-SM-N920A,ANDROID70,en,2017-07-30 04:06:15 UTC,null,33.9883171,,-118.3957374,,0,0,1,United States,17,California,408,Culver City,4G
AT&T,samsung,,,5075462363,81-812-5065,SAMSUNG-SM-N920A,ANDROID70,en,2017-07-20 17:23:27 UTC,-84,33.6278847,,-117.7203568,,109818,7794,1,United States,46,California,812,Laguna Hills,4G
AT&T,samsung,,,8430270228,68-555-7422,SAMSUNG-SM-N920A,ANDROID70,en,2017-07-27 15:39:18 UTC,-86,32.9770877,,-80.0660541,,0,0,1,United States,22,South Carolina,639,North Charleston,4G
AT&T,samsung,,,8529314837,87-821-3321,SAMSUNG-SM-N920A,ANDROID70,en,2017-07-13 02:37:07 UTC,null,36.1644762,,-95.7561504,,2318,6066,1,United States,21,Oklahoma,92,null,4G
AT&T,samsung,,,8491622378,979-256-3218,SAMSUNG-SM-N920A,ANDROID70,en,2017-05-25 07:55:48 UTC,null,36.110992,,-115.1730289,,89,0,1,United States,9,Nevada,582,Paradise,4G
AT&T,samsung,,,5134509401,458-127-63,SAMSUNG-SM-N920A,ANDROID70,en,2017-07-28 22:17:42 UTC,-68,32.9788622,,-97.0211152,,52,497,1,United States,29,Texas,448,Coppell,4G
AT&T,samsung,,,4706693380,491-626-6748,SAMSUNG-SM-N920A,ANDROID70,en,2017-07-31 19:40:39 UTC,-81,41.3374235,,-75.7293609,,513,318,1,United States,10,Pennsylvania,482,null,4G
AT&T,samsung,,,7326673981,179-736-9930,SAMSUNG-SM-N920A,ANDROID70,en,2017-07-22 13:55:18 UTC,null,41.0814159,,-81.6878864,,52,40,1,United States,49,Ohio,192,null,4G
AT&T,samsung,,,3957513456,221-337-776,SAMSUNG-SM-N920A,ANDROID60,en,2017-05-29 05:38:10 UTC,-73,41.615461,,-86.7070119,,19478,11159,1,United States,42,Indiana,828,La Porte,4G
AT&T,samsung,,,1378636470,414-774-7571,SAMSUNG-SM-N920A,ANDROID70,en,2017-07-28 06:04:22 UTC,-91,35.0218526,,-85.3262082,,0,0,1,United States,39,Tennessee,570,Chattanooga,4G
AT&T,samsung,,,8346081565,858-797-9077,SAMSUNG-SM-N920A,ANDROID70,en,2017-07-16 15:40:07 UTC,null,40.7523788,,-73.8440772,,0,0,1,United States,20,New York,714,New York,4G
AT&T MicroCell,samsung,,,5759258306,299-927-9457,SAMSUNG-SM-N920A,ANDROID70,en,2017-07-30 08:10:17 UTC,null,38.2078025,,-97.5164327,,5863,19064,1,United States,43,Kansas,730,null,3G
AT&T,samsung,,,6542628318,802-729-6351,SM-G530H,ANDROID44,en,2017-06-16 19:10:20 UTC,-85,35.0418967,,-110.7417439,,44652,26173,1,United States,35,Arizona,408,null,3G
AT&T,Yota Devices Limited,,,5416825355,330-174-5914,YD206,ANDROID44,en,2017-06-11 12:52:08 UTC,-91,32.9064955,,-111.6869295,,0,0,1,United States,19,Arizona,764,Casa Grande,3G
AT&T,LGE,,,2506496293,375-672-6301,LG-D851,ANDROID44,en,2017-05-12 18:22:48 UTC,null,35.8490174,,-86.43018178,,6304,19818,1,United States,14,Tennessee,551,null,4G
AT&T,LGE,,,7601823537,260-288-4860,LG-D950,ANDROID44,en,2017-05-07 11:26:00 UTC,null,33.90486898,,-88.44902002,,480,0,1,United States,14,Mississippi,443,null,4G
AT&T,samsung,,,8348154679,616-80-5998,SAMSUNG-SM-G928A,ANDROID70,en,2017-06-08 23:33:24 UTC,-66,33.5306454,,-111.9751648,,4656,7159,1,United States,33,Arizona,820,null,4G
AT&T,samsung,,,5111895718,34-834-9240,SAMSUNG-SM-G870A,ANDROID44,en,2017-06-09 00:47:28 UTC,null,35.25031223,,-89.00807904,,1228011,62287686,1,United States,43,Tennessee,922,null,4G
AT&T,kyocera,,,5257708736,881-430-3314,KYOCERA-E6560,ANDROID44,en,2017-05-09 23:43:01 UTC,-84,37.16063904,,-94.54316775,,0,0,1,United States,28,Missouri,582,null,4G
AT&T,samsung,,,8178946334,52-476-501,SAMSUNG-SM-G870A,ANDROID44,en,2017-06-10 19:52:25 UTC,null,35.74973108,,-89.1058579,,991,981,1,United States,12,Tennessee,895,null,4G
AT&T,samsung,,,9264779939,601-658-5538,GT-N7100,ANDROID44,en,2017-06-25 13:51:14 UTC,-89,29.7146615,,-95.5973212,,100,100,1,United States,49,Texas,517,Houston,3G
AT&T,samsung,,,1793115380,41-751-9508,SAMSUNG-SM-T217A,ANDROID44,en,2017-05-05 20:15:30 UTC,-72,28.93433258,,-81.66611126,,0,0,1,United States,30,Florida,611,null,4G
AT&T,samsung,,,1039480698,116-296-9093,SAMSUNG-SM-G920A,ANDROID70,en,2017-06-09 09:02:41 UTC,null,33.5498744,,-84.272486,,19063,83326,1,United States,35,Georgia,665,null,4G
AT&T,samsung,,,3773149972,957-905-5067,SM-G935K,ANDROID70,ko,2017-06-23 18:47:58 UTC,null,29.9145562,,-95.6295648,,361,743,1,United States,24,Texas,475,null,3G
AT&T,samsung,,,5171740601,643-927-8580,SM-G530M,ANDROID44,en,2017-07-21 13:29:36 UTC,null,18.15813895,,-65.81533397,,52,40,1,United States,25,Puerto Rico,448,Humacao,3G
AT&T,LGE,,,1643067237,253-530-4790,LG-D950,ANDROID44,en,2017-07-05 14:25:44 UTC,-85,42.18301762,,-88.33560958,,2426,1583,1,United States,8,Illinois,226,null,4G
AT&T,LGE,,,2385798932,964-79-5455,LG-K371,ANDROID60,en,2017-06-28 02:59:48 UTC,null,39.0727998,,-94.4462067,,4563,1029,1,United States,41,Missouri,605,Independence,3G
AT&T,samsung,,,3338364752,827-563-9659,SAMSUNG-SGH-I747,ANDROID44,en,2017-05-12 22:18:05 UTC,-70,36.1804948,,-94.15712457,,60,0,1,United States,21,Arkansas,747,Springdale,4G
AT&T,Apple,,,5236513966,349-620-3579,"iPhone9,2",IOS103,en,2017-05-03 22:54:07 UTC,null,37.234584,,-121.868521,,896,11538,1,United States,38,California,205,San JosÃ©,4G
AT&T,samsung,,,3491579361,583-692-5817,SAMSUNG-SM-T337A,ANDROID44,en,2017-07-29 15:47:54 UTC,-75,30.62647264,,-96.33294629,,37477,488305,1,United States,45,Texas,147,null,4G
AT&T,LGE,,,2226540778,529-699-3281,LG-D950,ANDROID44,ko,2017-05-19 00:40:44 UTC,-79,39.1459054,,-76.8427256,,118078,143800,1,United States,38,Maryland,854,null,3G
AT&T,BlackBerry,,,3352108033,766-867-6837,BBA100-1,ANDROID60,en,2017-06-18 17:05:11 UTC,null,35.7683828,,-78.7234403,,13300,20185,1,United States,39,North Carolina,97,Raleigh,4G
AT&T,samsung,,,1120787935,769-836-6338,SM-G928C,ANDROID70,en,2017-06-18 14:24:23 UTC,null,37.5538634,,-121.9757376,,0,0,1,United States,23,California,841,Fremont,4G
AT&T,samsung,,,4459174500,842-971-5691,SAMSUNG-SM-G850A,ANDROID44,en,2017-05-01 17:17:34 UTC,-49,40.86384663,,-73.92979584,,0,0,1,United States,35,New York,927,null,4G
AT&T,samsung,,,9835051926,190-790-8750,SAMSUNG-SM-G928A,ANDROID70,ko,2017-06-25 02:28:00 UTC,null,40.7642675,,-73.7712855,,376,423,1,United States,4,New York,691,New York,4G
AT&T,Sony,,,8482355066,273-295-1247,F8332,ANDROID70,en,2017-05-26 16:16:11 UTC,-79,33.9177587,,-118.3216749,,0,0,1,United States,24,California,259,Hawthorne,4G
AT&T,samsung,,,7764702127,29-786-3965,SAMSUNG-SM-J320A,ANDROID60,en,2017-07-11 18:59:28 UTC,null,36.1237267,,-95.8865972,,52,104,1,United States,0,Oklahoma,674,Tulsa,4G
AT&T MicroCell,LGE,,,7973137435,802-973-4089,LG-H810,ANDROID60,en,2017-07-18 21:53:24 UTC,-99,28.38126898,,-81.85006499,,1959,5347,1,United States,19,Florida,246,null,3G
AT&T,samsung,,,6168406741,249-874-7967,SAMSUNG-SM-G928A,ANDROID70,en,2017-07-17 17:33:24 UTC,null,32.6794846,,-97.4643192,,0,0,1,United States,21,Texas,393,Benbrook,4G
AT&T,LGE,,,7967797450,140-496-6599,LG-E980,ANDROID44,en,2017-06-21 19:59:20 UTC,-76,36.3233966,,-95.62614149,,20484,10110,1,United States,23,Oklahoma,771,Claremore,4G
AT&T,LGE,,,3107171927,552-845-7879,LG-H900,ANDROID60,en,2017-05-31 15:44:57 UTC,null,32.7063796,,-117.1567139,,1395,1513,1,United States,44,California,490,San Diego,4G
AT&T,samsung,,,8723192545,819-557-9105,SAMSUNG-SM-G750A,ANDROID44,en,2017-07-08 18:15:52 UTC,null,34.47114582,,-81.80937715,,649,717,1,United States,48,South Carolina,22,null,4G
AT&T,Apple,,,7601791093,481-875-2085,iPhone 6S,IOS103,en,2017-06-04 22:27:34 UTC,null,39.929072,,-75.175764,,64,0,1,United States,20,Pennsylvania,510,Philadelphia,4G
AT&T | ROGERS,samsung,,,2132424553,225-812-1890,SM-G935W8,ANDROID70,en,2017-07-19 18:20:33 UTC,null,39.7245166,,-105.1858996,,24429,32261,1,United States,26,Colorado,65,Golden,4G
AT&T,HTC,,,9350298150,132-933-4809,HTC One A9,ANDROID60,en,2017-07-23 23:57:11 UTC,null,38.7282893,,-77.7941092,,0,0,1,United States,5,Virginia,456,null,4G
AT&T,LGE,,,7313573679,442-507-1682,LG-H871,ANDROID70,en,2017-07-17 08:42:57 UTC,null,33.6300321,,-97.1221523,,181204,287152,1,United States,39,Texas,659,Gainesville,4G
AT&T,OnePlus,,,2752718646,769-652-4150,ONEPLUS A3000,ANDROID71,ru,2017-07-22 07:42:04 UTC,-87,40.7759917,,-115.8967685,,7196,169810,1,United States,46,Nevada,334,null,4G
AT&T,samsung,,,3221715963,547-601-6339,SAMSUNG-SM-G920A,ANDROID70,en,2017-06-12 12:26:40 UTC,null,38.6978044,,-77.1402732,,0,0,1,United States,42,Virginia,570,null,4G
AT&T,LGE,,,7298455662,799-271-7423,LGMS631,ANDROID60,es,2017-06-13 22:01:53 UTC,null,33.9127923,,-118.3614095,,0,0,1,United States,27,California,309,null,3G
AT&T,samsung,,,6684796125,708-555-2468,SCH-I605,ANDROID44,en,2017-05-05 17:49:20 UTC,null,29.74559997,,-95.30292438,,3684,1343,1,United States,12,Texas,807,Houston,3G
AT&T,HTC,,,7148979622,840-103-6935,HTC One,ANDROID51,en,2017-07-14 10:31:43 UTC,-82,43.7676041,,-87.713721,,75696,85874,1,United States,31,Wisconsin,379,Sheboygan,4G
AT&T,samsung,,,6481308995,188-575-353,SAMSUNG-SM-J320A,ANDROID60,en,2017-07-31 22:22:10 UTC,null,39.6023946,,-86.076316,,2602,1650,1,United States,37,Indiana,685,Greenwood,4G
AT&T,samsung,,,8055775216,229-168-76,SAMSUNG-SM-G750A,ANDROID51,en,2017-07-18 21:33:02 UTC,null,44.2864028,,-121.1884911,,141421,264745,1,United States,44,Oregon,200,Redmond,4G
AT&T,Apple,,,6665902480,932-899-9701,iPhone 6S,IOS103,en,2017-06-10 00:30:50 UTC,null,41.973797,,-87.658538,,4696,16053,1,United States,33,Illinois,484,Chicago,UNKNOWN
AT&T,samsung,,,5493644033,240-958-7367,SAMSUNG-SGH-I747,ANDROID44,en,2017-06-17 18:07:15 UTC,null,43.14087393,,-123.4285493,,1523,5765,1,United States,9,Oregon,456,null,3G
